Study,Year,Data source,ID: CRS,Char: Methods,Char: Participants,Char: Interventions,Char: Outcomes,Char: Funding,Char: ROBINS-I comments for studies evaluating initiation or cessation of CWF for prevention of dental caries,Char: Notes
Acharya 2005,2005,PUB,24007034,"<p><b>FLUOROSIS STUDY</b><br/>Country of study: India<br/>Geographic location: Davangere-Nallur, Naganur, Doddabathi, Kundawada and Holesirigere<br/>Year of study: not stated<br/>Year of change in fluoridation status: NA<br/>Study design: cross-sectional</p>",<p>Inclusion criteria: school children aged 12 to 15 years; lifetime residency</p><p>Exclusion criteria: absence on the day of the survey</p><p>Other sources of fluoride: not stated</p><p>SES: socioeconomic position was similar in all villages</p><p>Ethnicity: not stated</p><p>Residential history: lifetime residents</p><p>Other confounding factors: not stated</p>,<p>All natural fluoridation</p><p>Group 1: 0.43 ppm</p><p>Group 2: 0.72 ppm</p><p>Group 3: 1.1 ppm</p><p>Group 4: 1.22 ppm</p><p>Group 5: 3.41 ppm</p>,<p>Dental fluorosis (Dean's Index)<br />Age at assessment: 12 to 15 years</p>,<p>Not stated</p>,,
Adair 1999,1999,PUB,24007036,"<p><b>FLUOROSIS STUDY</b><br/>Country of study: USA<br/>Geographic location: Warren County, Georgia<br/>Year of study: not stated<br/>Year of change in fluoridation status: not stated<br/>Study design: cross-sectional</p>","<p>Inclusion criteria: children attending sole elementary and middle schools in study area</p><p>Exclusion criteria: children whose homes were served with well-water</p><p>Other sources of fluoride: parents completed questionnaire regarding dentifrice use, home water source and current use of systemic fluoride supplements; all children received school water fluoridated at 0.5 ppm</p><p>Other sources of fluoride: not stated</p><p>SES: not stated</p><p>Ethnicity: not stated</p><p>Residential history: not considered</p><p>Other confounding factors: not stated</p>",<p>Group 1: 0.5 to 1.2 ppm (both natural and artifical fluoridation)<br />Group 2: &lt; 0.1 ppm (natural fluoridation)</p>,"<p>Dental fluorosis (Dean's Index); caries data collected but not presented in this review due to study design<br />Age at assessment: 8 to 10 years, and 11 to13 years</p>",<p>NIDR Grant DE-06113</p>,,
Adriasola 1959,1956,PUB,24007038,<p><b>CARIES STUDY</b><br />Country of study: Chile<br />Geographic location: Group 1: Curico (F); Group 2: San Fernando (non-F). Total population sizes in each location not stated<br />Year study started: 1953<br />Year study ended: 1956<br />Year of change in fluoridation status: 1953<br />Study design: CBA. A different sample of children was assessed at baseline and at end of study</p>,"<p>Inclusion criteria: children aged 3 to 15 years; children from 2 primary schools in the study areas</p><p>Exclusion criteria: none stated</p><p>Sample size at baseline: Group 1: 1279 children; Group 2: 748 children</p><p>Sample size at final assessment: Group 1: 3060 children; Group 2: 1680 children</p><p>SES: based on author's knowledge of the demographics, culture and social economy of the intervention and control areas, it was assumed that the study areas were comparable</p><p>Co-interventions: not stated</p><p>Ethnicity: not stated</p><p>Gender: distribution was similar across groups </p><p>Residential history: not stated</p>",<p><b>Initiation of water fluoridation</b><br />Group 1: 1 ppm (artificial fluoridation)<br />Group 2: ppm not stated (natural fluoridation)</p>,"<p>% caries-free participants<br />Age at baseline assessment: 3 to 8 years and 11, 12 and 15 years <br />Age at final assessment: 3 to 8 years, and 11, 12 and 15 years </p>",<p>In collaboration with members of the committee Pro-Fluoridation</p>,"<p>See <a type=""TABLE"" href=""432800047565131527"">Table 7</a> for ROBINS-I assessment</p><p><b>Confounding.</b> Efforts were made to control for confounding through design. The groups were considered to be comparable by the author team owing to the areas being neighbouring cities. ""The comparison is based on the knowledge of their demographics, culture and social economy"". While data were not collected on SES as part of  the study,  existing data were used to provide reassurance of comparability on SES proxies including infant mortality rate and illiteracy rates. These rates were reported in the paper to allow readers to judge that the areas were comparable across these characteristics.  </p><p><b>Classification of interventions.</b> Intervention status classified correctly</p><p><b>Selection of participants into the study/analysis.</b> All eligible children in the cities were invited to the study</p><p><b>Deviations from intended interventions.</b> No deviations from intended intervention</p><p><b>Missing data.</b> No missing outcome data, however, no data regarding the confounder. The study reported on existing data only at baseline rather than collecting data with regard to the confounder directly from study participants. </p><p><b>Measurement of the outcome. </b>Outcome assessment was conducted by unblinded assessors</p><p><b>Selection of the reported result.</b> Outcome of interest reported</p>","<p>Data extracted from <a type=""STUDY"" href=""396493774316788171"">Adriasola 1959</a> differs from that presented in <a type=""REFERENCE"" href=""396493773947417054"">McDonagh 2000</a> (additional data extracted)</p><p>Paper translated from Spanish</p>"
Al-Alousi 1975,1975,PUB,24007041,<p><b>FLUOROSIS STUDY</b><br />Country of study: UK<br />Geographic location: Anglesey (F); Leeds (non-F)<br />Year of study: 1973<br />Year of change in fluoridation status: 1955<br />Study design: cross-sectional</p>,"<p>Inclusion criteria: lifetime residents of study areas; children aged 12 to 16 years</p><p>Exclusion criteria: missing, fractured or crowned teeth; refusal to participate (1 school in Leeds)</p><p>Other sources of fluoride: not stated</p><p>SES: not stated</p><p>Ethnicity: not stated</p><p>Residential history: lifetime residents</p><p>Other confounding factors: not stated</p>",<p>Group 1: 0.9 ppm (artificial fluoridation)<br/>Group 2: &lt; 0.01 ppm (natural fluoridation)</p>,<p>Dental fluorosis</p><p>Age at assessment: 12 to 16 years</p>,<p>Not stated</p>,,"<p>Data extracted from <a type=""STUDY"" href=""396493774343789059"">Al-Alousi 1975</a> differs from that presented in <a type=""REFERENCE"" href=""396493773947417054"">McDonagh 2000</a></p>"
Alarcon-Herrera 2001,2001,PUB,24007043,<p><b>FLUOROSIS STUDY</b><br/>Country of study: Mexico<br/>Geographic location: Durango<br/>Year of study: not stated<br/>Year of change in fluoridation status: NA<br/>Study design: cross-sectional</p>,<p>Inclusion criteria: children aged 6 to 12 years who had established permanent residence in the area</p><p>Exclusion criteria: not stated</p><p>Other sources of fluoride: not stated</p><p>SES: not stated</p><p>Ethnicity: not stated</p><p>Residential history: permanent residents</p><p>Other confounding factors: not stated</p>,<p>All natural fluoridation<br />Group 1: non-detectable to 1.5 ppm<br />Group 2: 1.51 to 4.99 ppm<br />Group 3: 5.0 to 8.49 ppm<br />Group 4: 8.5 to 11.9 ppm<br />Group 5: &gt; 12 ppm</p>,<p>Dental fluorosis (Dean's Index)<br />Adverse effects (bone fracture)<br />Age at assessment: 6 to 12 years</p>,"<p>Project grant from the Mexican National Council of Science and Technology Conacyt-Sivilla, Project 9502160</p>",,
Albrecht 2004,2004,PUB,24007045,<p><b>FLUOROSIS STUDY</b><br/>Country of study: Hungary<br/>Geographic location: Bár and Dunaszekcső<br/>Year of study: 2004<br/>Year of change in fluoridation status: NA<br/>Study design: cross-sectional</p>,"<p>Inclusion criteria: healthy schoolchildren, aged 6 to 18 years; lifelong residents in the communities Bár or Dunaszekcső; only permanent teeth were investigated</p><p>Exclusion criteria: any systemic disease</p><p>Other sources of fluoride: not stated</p><p>SES: not stated</p><p>Ethnicity: not stated</p><p>Residential history: lifetime residents</p><p>Other confounding factors: not stated</p>",<p>All natural fluoridation</p><p>Group 1: 1.7 ppm</p><p>Group 2: 2 ppm</p>,<p>Dental fluorosis (Dean's Index and TSIF)<br />Age at assessment: 6 to 18 years</p>,<p>Not stated</p>,,<p>Paper translated from Hungarian</p>
AlDosari 2010,2010,PUB,24007047,<p><b>FLUOROSIS STUDY</b><br/>Country of study: Saudi Arabia<br/>Geographic location: Riyadh<br/>Year of study: 2010<br/>Year of change in fluoridation status: NA<br/>Study design: cross-sectional</p>,"<p>Inclusion criteria: Saudi nationality; lifetime residence in the area</p><p>Exclusion criteria: non-Saudi nationality; absence from school on the day of dental examination</p><p>Other sources of fluoride: not stated</p><p>SES: both schools from urban and rural areas were included in the sample frame</p><p>Ethnicity: Saudi nationals, no further details</p><p>Residential history: lifetime residents</p><p>Other confounding factors: not stated</p>",<p>All natural fluoridation<br />Group 1: 0 to 0.3 ppm<br />Group 2: 0.31 to 0.6 ppm<br />Group 3: 0.61 to 1 ppm<br />Group 4: 1.01 to 1.5 ppm<br />Group 5: 1.51 to 2 ppm<br />Group 6: 2.01 to 2.5 ppm<br />Group 7: ≥ 2.51 ppm</p>,<p>Dental fluorosis (TF Index)<br />Age at assessment: 6 to 18 years</p>,"<p>Supported by a grant from King Abdulaziz City for Science and Technology, Riyadh, Saudi Arabia</p>",,
Angelillo 1999,1999,PUB,24007049,<p><b>FLUOROSIS STUDY</b><br />Country of study: Italy<br />Geographic location: areas around Naples (F); Catanzaro (non-F)<br />Year of study: 1997<br />Year of change in fluoridation status: NA<br />Study design: cross-sectional</p>,<p>Inclusion criteria: lifetime residents of study areas (children only); children aged 12 years; used community water supply as main sources of drinking water</p><p>Exclusion criteria: partially erupted teeth; orthodontic banding</p><p>Other sources of fluoride: tooth brushing habits (frequency of tooth brushing); fluoride tablets; fluoride dentifrices</p><p>SES: parents' employment status</p><p>Ethnicity: not stated</p><p>Residential history: lifetime residents</p><p>Other confounding factors: sweet consumption; climate</p>,<p>All natural fluoridation<br/>Group 1: ≥ 2.5 ppm<br/>Group 2: ≤ 0.3 ppm</p>,<p>Dental fluorosis; caries data evaluated in study but not included in review due to study design</p><p>Age at assessment: 12 years</p>,<p>Partially supported by a grant of Acquedotto Vesuviano S.p.A.</p>,,
Arif 2013,2013,PUB,24007051,<p><b>FLUOROSIS STUDY</b></p><p>Country of study: India</p><p>Geographic location: Nagaur district</p><p>Year of study: 2013</p><p>Year of change in fluoridation status: NA</p><p>Study design: cross-sectional</p>,<p>Inclusion criteria: only villages where the mean fluoride concentration was &gt; 1.0 mg/L were selected for the dental fluorosis survey. No other information provided for participants</p><p>Exclusion criteria: not stated</p><p>Other sources of fluoride: not stated</p><p>SES: not stated</p><p>Ethnicity: not stated</p><p>Residential history: not stated</p><p>Other confounding factors: not stated</p>,<p>54 villages receiving water with different natural fluoride concentrations ranging from 0.9 to 5.8 ppm</p>,<p>Dental fluorosis (Dean's Index)</p><p>Age at assessment: not stated</p>,<p>Not stated</p>,,
Arnold 1956,1951,PUB,24007053,"<p><b>CARIES STUDY</b></p><p>Country of study: USA </p><p>Geographic location: Group 1: Grand Rapids (F); Group 2: Muskegon (non-F). Total population sizes for each location not stated</p><p>Year study started: 1944</p><p>Year study ended: 1951 (after which time the control group became fluoridated; evaluated until 1954)</p><p>Year of change in fluoridation status: 1945</p><p>Study design: CBA. A different sample of children was assessed at each time point, according to age at last birthday.</p>","<p>Inclusion criteria: children aged 4 to 16 years; used city water supplies since birth</p><p>Exclusion criteria: children who lived outside study areas for more than 3 months of any 1 year</p><p>Sample size at baseline: Group 1: 19,680; Group 2: 4291 (all school children)</p><p>Sample size at final assessment: Group 1: 4590; Group 2: 2192 (sample of school children in 1951)</p><p>SES: not stated</p><p>Co-interventions: study author stated that there were no concerted efforts to commence special caries control programmes e.g. topical fluoride programmes, in either of the cities since the study began</p><p>Ethnicity: not stated</p><p>Gender: not stated</p><p>Residential history: lifetime residents</p>",<p><b>Initiation of water fluoridation</b><br />Group 1: 1 ppm (artificial fluoridation)<br />Group 2: &lt; 0.2 ppm (natural fluoridation)</p>,<p>DMFT; dmft</p><p>Age at baseline assessment: 5 to 13 years (primary dentition); 6 to 16 years (permanent dentition)</p><p>Age at final assessment: 5 to 13 years (primary dentition); 6 to 16 years (permanent dentition)</p>,<p>Not stated</p>,"<p>See <a type=""TABLE"" href=""432800047565131527"">Table 7</a> for ROBINS-I assessment.</p><p><b>Confounding.</b> Study assessed as at critical risk for confounding due to lack of details regarding SES. No further assessment</p><p><b>Classification of interventions.</b> Intervention status classified correctly</p><p><b>Selection of particpants into the study/analysis. </b>Children were selected through schools. Almost all eligible children in the areas of study were examined</p><p><b>Deviations from intended interventions.</b> No deviations from intended intervention reported</p><p><b>Missing data. </b>""samples consist of all available children in certain grades (or in sections of the grades)""</p><p>Number of children examined each year presented, however, numbers varied across each age group and each year (not a continuous study sample). </p><p>It is noted in the results that fluorosis observations had been made, but no details were given for the methods and data (just % increase). Also, SD not reported.</p><p><b>Measurement of the outcome.</b> No blinding of assessors</p><p><b>Selection of the reported result. </b>It is noted in the results that fluorosis observations had been made, but no details were given for the methods and data (just % increase). Also, SD not reported</p>","<p>Data extracted from <a type=""STUDY"" href=""396493774511037283"">Arnold 1956</a> differed from that presented in <a type=""REFERENCE"" href=""396493773947417054"">McDonagh 2000</a> (additional data extracted)</p>"
Ast 1951,1951,PUB,24007055,"<p><b>CARIES STUDY</b></p><p>Country of study: USA</p><p>Geographic location: Group 1: Newburgh (F); Group 2: Kingston (non-F). Total population sizes for each location not stated. </p><p>Year study started: 1945</p><p>Year study ended: 1952</p><p>Year of change in fluoridation status: 1945</p><p>Study design: CBA. A different sample of children was assessed at baseline and time points throughout the study, according to age groups at the time of assessment. </p>",<p>Inclusion criteria: all 5- to 12-year-old children present at school on days of examination; lifetime residents of study areas</p><p>Exclusion criteria: none stated</p><p>Sample size at baseline: Group 1: approximately 3400 children; Group 2: approximately 2800 children</p><p>Sample size at final assessment: Group 1: 3200 children; Group 2: 3100 children</p><p>SES: not stated</p><p>Co-interventions: not stated</p><p>Ethnicity: not stated</p><p>Gender: not stated</p><p>Residential history: most were lifetime residents. Study authors note that small transient community in the study area was unlikely to impact the outcome data</p>,<p><b>Initiation of water fluoridation</b></p><p>Group 1 baseline: &lt; 0.1 ppm (natural fluoridation)<br />Group 1 post intervention: 1 to 1.2 ppm (artificial fluoridation)<br />Group 2: &lt; 0.1 ppm (natural fluoridation)</p>,<p>DMFT rate per 100 erupted permanent teeth; % caries-free children (primary dentition)</p><p>Age at baseline assessment: 5 years (primary dentition); 6 to 12 years (permanent dentition)</p><p>Age at final assessment: 5 years (primary dentition); 6 to 12 years (permanent dentition)</p>,<p>Not stated</p>,"<p>See <a type=""TABLE"" href=""432800047565131527"">Table 7</a> for ROBINS-I assessment</p><p><b>Confounding.</b> Study assessed as at critical risk for confounding due to lack of details regarding SES. No further assessment.</p><p><b>Classification of interventions.</b> Intervention status classified correctly</p><p><b>Selection of particpants into the study/analysis.</b> All 5- to 12 year-old school children present in the schools within the study areas on the days of examination were included in the study</p><p><b>Deviations from intended interventions. </b>No deviations from intended intervention reported </p><p><b>Missing data.</b> The number of participants for whom outcome data were reported (F = 3054; non-F = 2812) varied from the number of participants reported to have been included in the study (F = 3200; non-F = 3100)</p><p><b>Measurement of the outcome.</b> Insufficient information regarding blinding of assessors</p><p><b>Selection of the reported result.</b> No apparent selective reporting, however, it should be noted that baseline dates of children in the intervention (1944 to 1945) and control (1945 to 1946) groups varied</p>","<p>Data extracted from <a type=""STUDY"" href=""396493774539611041"">Ast 1951</a> differs from that presented in <a type=""REFERENCE"" href=""396493773947417054"">McDonagh 2000</a> (additional data extracted)</p>"
Awadia 2000,2000,PUB,24007057,<p><b>FLUOROSIS STUDY</b></p><p>Country of study: Tanzania</p><p>Geographic location: Arusha and Moshi</p><p>Year of study: 1996</p><p>Year of change in fluoridation status: NA</p><p>Study design: cross-sectional</p>,<p>Inclusion criteria: age 9 to 14 years; lifelong residence in respective towns or villages</p><p>Exclusion criteria: not stated</p><p>Other fluoride sources: toothpaste use: Arusha = 94%; Arusha Meru = 100%; Moshi = 97.1% and Kibosho = 40%; Magadi use: Arusha = 31 (47%); Arusha Meru = 1(2.9%); Moshi = 41 (58.6%); Kibosho = 83 (97.6%)</p><p>SES: peasant mothers: Arusha = 1 (1.5%); Arusah Meru = NR; Moshi = 7 (10%); Kibosho = 33 (38.8%); other: Arusha = 65 (98.5%); Arusha Meru = 35 (100%); Moshi = 63 (90%); Kibosho = 52 (61.2%)</p><p>Ethnicity: Arusha area (Arusha and Arusha Meru) – mainly ethnic Asians; Kilimanjaro region (Moshi and Kibosho) - Africans</p><p>Residential history: lifetime residents</p><p>Other confounding factors: not stated</p>,<p>All natural fluoridation<br/>Group 1: 0.2 ppm<br/>Group 2: 0.3 ppm<br/>Group 3: 3.6 ppm</p>,<p>Dental fluorosis (TF Index)</p><p>Age at assessment: 9 to 14 years</p>,"<p>Supported by the Norwegian State Educational Loan fund, NUFU project 61/96, and the committee for Research and Postgraduate Training, Faculty of Dentistry, University of Bergen, Norway</p>",,
Azcurra 1995,1995,PUB,24007060,<p><b>FLUOROSIS STUDY</b></p><p>Country of study: Argentina</p><p>Geographic location: Sampacho (F); Porteña (non-F) in the Cordoba province</p><p>Year of study: 1993</p><p>Year of change in fluoridation status: NA</p><p>Study design: cross-sectional</p>,"<p>Inclusion criteria: children aged 6 to 7 years (1<sup>st</sup> grade) and 12 to 13 years (7<sup>th</sup> grade) at primary school</p><p>Exclusion criteria: none stated</p><p>Other sources of fluoride: frequency of tooth brushing</p><p>Group 1 (aged 6-7): 56% brushed at least once a day (28/50)<br />Group 1 (aged 12-13): 74% brushed at least once a day (37/50)<br />Group 2 (aged 6-7): 46% brushed at least once a day (23/50)<br />Group 2 (aged 12-13): 50% brushed at least once a day (25/50)</p><p>SES: determined by occupation and highest attained level of schooling attained by main breadwinner in family (classified as high, medium, and low social class)</p><p>Group 1 (aged 6-7): 80% low SES (40/50)<br />Group 1 (aged 12-13): 82% low SES (41/50)<br />Control (aged 6-7): 74% low SES (37/50)<br />Control (aged 12-13) 80% low SES (40/50)</p><p>Residential history: not stated</p><p>Other confounding factors: not stated</p>",<p>All natural fluoridation<br/>Group 1: 9.05 ppm<br/>Group 2: 0.19 ppm</p>,<p>Dental fluorosis (Dean’s Index); caries data evaluated in study but not included in review due to study design<br />Age at assessment: 6 to 7 years and 12 to 13 years</p>,"<p>Part of this work was subsidised by the Ministry of Science and Technology of the National University of Córdoba, Córdoba, Argentina</p>",,
Backer-Dirks 1961,1961,PUB,24007062,"<p><b>CARIES STUDY</b><br />Country of study: Holland<br />Geographic location: Group 1: Tiel (F); Group 2: Culemborg (non-F). Total population sizes for each location not stated<br />Year study started: 1952<br />Year study ended: 1959<br />Year of change in fluoridation status: 1953<br />Study design: CBA. A different sample of children was assessed at baseline and time points throughout the study, according to age at the time of assessment. </p>","<p>Inclusion criteria: children aged 11 to 15 years; lifelong residents of the study areas; used the piped water supply; 100 children of each age examined</p><p>Exclusion criteria: not stated</p><p>Sample size at baseline: Group 1: not specified but assumed to be 100 participants per year of age from the information in the study report (i.e. 500 children); Group 2: not specified but assumed to be 100 participants per year of age (i.e. 500 children)</p><p>Sample size at final assessment: Group 1: as above, assumed to be 500 participants ; Group 2: as above, assumed to be 500 participants</p><p>SES: areas similar in social class structure and proportional numbers of children selected from each school type</p><p>Co-interventions: not stated</p><p>Ethnicity: not stated</p><p>Gender: equally balanced</p><p>Residential history: lifetime residents</p>",<p><b>Initiation of water fluoridation</b><br/>Group 1: 1.1 ppm (artificial fluoridation)<br/>Group 2: 0.1 ppm (natural fluoridation)</p>,<p>Carious approximal surfaces per child; approximal surfaces with caries of the dentine; pit and fissure caries per child; pit and fissure caries with cavitation; carious lesions of smooth surfaces. No totals for all surfaces<br />Age at baseline assessment: 11 to 15 years (permanent dentition)<br />Age at final assessment: 11 to 15 years (permanent dentition)</p>,<p>Not stated</p>,"<p>See <a type=""TABLE"" href=""432800047565131527"">Table 7</a> for ROBINS-I assessment</p><p><b>Confounding.</b> ""Attention was given to population structure, site, size (above 15,000 inhabitants), migration and water composition, and two cities were selected which were as equal as possible"". Areas similar in social class structure and proportional numbers of participants selected from each school type, although no details on how SES was measured or distributed. Study authors therefore provided some reassurance that the areas were comparable in terms of characteristics which are proxy measures of SES, but these data were not reported for the reader to make this judgement on compatibility for themselves. </p><p><b>Classification of interventions.</b> Intervention status classified correctly</p><p><b>Selection of participants into the study/analysis.</b> A proportion of children were chosen at random from different types of schools (public school, Roman Catholic, Protestant)</p><p><b>Deviations from intended interventions.</b> No deviations from intended intervention reported </p><p><b>Missing data.</b> No missing outcome data, however, no data regarding confounder. Authors commented on the populations being equal at baseline but did not collect data directly from participants regarding the confounder.   </p><p><b>Measurement of the outcome.</b> No blinding regarding assessment of pit and fissure lesions. For aproximal caries: ""The radiographs made in Tiel and Culemborg were put into unlabelled envelopes, and examined at random"". Each examiner evaluated the same number of radiographs without knowledge of the origin of the films.</p><p><b>Selection of the reported result.</b> Outcome of interest reported, however, SDs missing</p>",
Bao 2007,2007,PUB,24007064,"<p><b>FLUOROSIS STUDY</b></p><p>Country of study: China</p><p>Geographic location: 3 cities (Harbin, Mudanjiang, Zhaodong) and 3 rural areas (Zhaoyuan, Shuangcheng, Linkou) in the Heilongjiang province</p><p>Year of study: not stated</p><p>Year of change in fluoridation status: NA</p><p>Study design: cross-sectional</p>",<p>Inclusion criteria: 12-year-old children in Heilongjiang</p><p>Exclusion criteria: not reported</p><p>Other sources of fluoride: not reported</p><p>SES: 396 (198 male; 198 female) from cities; 396 (198 male; 198 female) from rural areas</p><p>Ethnicity: Chinese</p><p>Residential history: not reported</p><p>Other confounding factors: not reported</p>,<p>All natural fluoridation</p><p>Group 1 (Linkou): 0.29 ppm</p><p>Group 2 (Mudanjiang): 0.40 ppm</p><p>Group 3 (Shuangcheng): 0.68 ppm</p><p>Group 4 (Harbin): 0.77 ppm</p><p>Group 5 (Zhaoyuan): 0.80 ppm</p><p>Group 6 (Zhaodong): 1.14 ppm</p>,"<p>Dental fluorosis (CFI); caries data evaluated in study, but excluded from review due to study design</p><p>Age at assessment: 12 years</p>",<p>Research Fund of Bureau of Health of Heilongjiang Province (grant no.2005[122])</p>,,<p>Translation from Chinese</p>
Baskaradoss 2008,2008,PUB,24007066,"<p><b>FLUOROSIS STUDY</b><br/>Country of study: India<br/>Geographic location: 9 villages (Munchirai, Thovalai, Melpuram, Rajakkamangalam, Kurunthencode, Thiruvattar, Agasteeswaram, Thuckalay, Killiyoor) in Kanyakumari district<br/>Year of study: 2006<br/>Year of change in fluoridation status: NA<br/>Study design: cross-sectional</p>","<p>Inclusion criteria: not stated</p><p>Exclusion criteria: not stated</p><p>Other sources of fluoride: brushing pattern (toothbrush) = 84.6%; toothpaste (Colgate) = 92.2%; frequency (once daily) = 80.7%; age of starting to brush (&lt; 2 years) = 69.2%</p><p>SES: low SES (46.1%); urban residence (44.2%)</p><p>Ethnicity: not stated</p><p>Residential history: not stated</p><p>Other confounding factors: Information was collected on diet, seafood intake and tea</p>",<p>All natural fluoridation</p><p>Groups 1 to 9: specific ppm not presented. Groups listed according to number of Panchayats in the various blocks of Kanyakumari district with water fluoride level more than 1.5 and 1.7 ppm</p>,<p>Dental fluorosis (Dean's Index)</p><p>Age at assessment: 10 to 15 years</p>,<p>Not stated</p>,,
Beal 1971,1970,PUB,24007068,"<p><b>CARIES STUDY</b><br />Country of study: England<br />Geographic location: Group 1: Balsall Heath and Northfield, Birmingham (F); Group 2: Dudley (non-F). Total population sizes for each location not stated<br />Year study started: 1967<br />Year study ended: 1970<br />Year of change in fluoridation status: 1964<br />Study design: CBA. A different sample of children was assessed at baseline and time points throughout the study, according to age at the time of assessment. </p>","<p>Inclusion criteria: children aged 5 years attending schools that participated in each year of the study</p><p>Exclusion criteria: none stated</p><p>Sample size at baseline: Group 1: 297 children; Group 2: 217 children</p><p>Sample size at final assessment: Group 1: 314 children; Group 2: 229 children</p><p>SES: quote: ""The socio-economic composition of the districts has been described previously ...<i>"". </i>Balsall Heath is a poor area of the city with high proportion of immigrants; Northfield and Dudley are both industrial areas with comparable populations, but there were more immigrants in Dudley.</p><p>Co-interventions: not stated</p><p>Ethnicity: all areas have some proportion of immigrants</p><p>Gender: not stated, but study authors describe results for boys and girls as ""not significantly different"".</p><p>Residential history: no attempt was made to select continuously resident children from the samples.</p>",<p>Initiation of water fluoridation<br/>Group 1 and Group 2: 1 ppm (artificial fluoridation)<br/>Group 3: &lt; 0.1 ppm (natural fluoridation)</p>,<p>dmft; % caries-free children<br />Age at baseline assessment: 5 years (primary dentition)<br />Age at final assessment: 5 years (primary dentition)</p>,<p>MRC grant-funded trial</p>,"<p>See <a type=""TABLE"" href=""432800047565131527"">Table 7</a> for ROBINS-I assessment</p><p><b>Confounding. </b>Study assessed as at critical risk for confounding due to one area being reported as a poor area of the city with a higher proportion of immigrants in the population. No further assessment</p><p><b>Classification of interventions.</b> Intervention status classified correctly</p><p><b>Selection of participants into the study/analysis.</b> Insufficient information</p><p><b>Deviations from intended interventions. </b>No deviations from intended intervention reported </p><p><b>Missing data.</b> Given lack of information on sampling, proportion of missing data at each time point unknown</p><p><b>Measurement of the outcome.</b> Examination undertaken in mobile clinic at each school; blinding unlikely</p><p><b>Selection of the reported result.</b> No apparent selective reporting</p>","<p>Quote: &quot;The children, who were 5 years old in 1967, were aged about 3 years when the fluoride in their drinking water reached the recommended level; they had erupted all their deciduous, and these would be expected to have derived only slight benefit at this time. These children do not represent a true baseline; any dental advantage that this group had received, compared with the true but unexamined baseline before fluoride was added would have the effect of decreasing the observed reduction, if any, over subsequent years.&quot; </p>"
Beal 1981,1975,PUB,24007070,"<p><b>CARIES STUDY</b></p><p>Country of study: England</p><p>Geographic location: Group 1: Scunthorpe (F) - population size of 70,000 residents; Group 2: Corby (non-F) - population size of 52,000. Study authors state that despite differences in size, both towns are similar in other respects.</p><p>Year study started: 1969</p><p>Year study ended: 1975</p><p>Year of change in fluoridation status: 1968</p><p>Study design: CBA. A different sample of children was assessed at baseline and time points throughout the study, according to age at the time of assessment. </p>","<p>Inclusion criteria: lifetime residents in study areas; children aged 5, 8 and 12 years</p><p>Exclusion criteria: teeth extracted for orthodontic purposes</p><p>Sample size at baseline: Group 1: 196 children; Group 2: 205 children</p><p>Sample size at final assessment: Group 1: 170 children; Group 2: 180 children</p><p>SES: both areas had iron/steel as main industry-socioeconomic; composition of the 2 areas was similar</p><p>Co-interventions: not stated</p><p>Ethnicity: not stated</p><p>Gender: not stated</p><p>Residential history: lifetime residents</p>",<p><b>Fluoride initiation </b><br/>Group 1: 0.9 ppm (artificial fluoridation)<br/>Group 2: 0.35 ppm (natural fluoridation)</p>,"<p>dmft; DMFT; % caries-free children (primary teeth); % caries-free subjects (permanent teeth)</p><p>Age at baseline assessment: 5, 8 and 12 years</p><p>Age at final assessment: 5, 8 and 12 years</p>",<p>Not stated</p>,"<p>See <a type=""TABLE"" href=""432800047565131527"">Table 7</a> for ROBINS-I assessment</p><p><b>Confounding. </b>The SES composition of the 2 towns was stated as being similar, although no details on how SES was measured or distributed</p><p><b>Classification of interventions.</b> Intervention status classified correctly</p><p><b>Selection of participants into the study/analysis.</b> Schools were chosen by random selection and every child of eligible age in these schools was examined.</p><p><b>Deviations from intended interventions.</b> No  deviations from intended intervention reported </p><p><b>Missing data. </b>The study reports that ""every child of eligible age in these schools was examined"", suggesting outcome data for all participants are presented although not explicitly stated. No data on confounding variable for participants reported</p><p><b>Measurement of the outcome. </b>Insufficient information regarding blinding of assessors</p><p><b>Selection of the reported result.</b> No apparent selection of reporting</p>",
Beltran-Aguilar 2002,1980s. Journal of the American Dental Association. 2002,PUB,24007072,<p><b>FLUOROSIS STUDY</b></p><p>Country of study: USA</p><p>Geographic location: not stated</p><p>Year of study: 1986</p><p>Year study ended: 1987</p><p>Year of change in fluoridation status: not stated</p><p>Study design: cross-sectional</p>,<p>Inclusion criteria: aged 12 to 14 years; availability of data on type of water system and fluorosis; having residences served by the same type of public water system with respect to fluoride status; determinable date of public water system fluoridation initiation and residence at area before initiation of water fluoridation; availability of continuous residence history if more than 1 residence; fewer than 5 residences; ascertainable exposure to fluoride drops or tables; served by public water systems with ascertainable fluoride status in residences</p><p>Other fluoride sources: tablets = 623 (14.9%); drops = 627 (14.5%); tablets and drops = 317 (8.4%).</p><p>Suboptimal fluoride: drops only = 507 (23.0); tablets only = 512 (22.5); tablets and drops = 279 (13.2).</p><p>Optimal fluoride:drops only = 103 (6.8); tablets only = 98 (6.0); tablets and drops = 32 (2.2)</p><p>Natural fluoride: drops only = 13 (5.5); tablets only = 17 (7.5); tablets and drops = 6 (2.5)</p><p>Exclusion criteria: any criterion in discord with the inclusion criteria</p><p>SES: not stated</p><p>Ethnicity: not stated</p><p>Residential history: all the children were continuous residents of areas with the reported water systems</p><p>Other confounding factors: not stated</p>,<p>Group 1: &lt; 0.7 ppm (natural fluoridation)<br />Group 2: 0.7 to 1.2 ppm (artificial fluoridation)<br />Group 3: 0.7 to 4 ppm (natural fluoridation)</p>,<p>Dental fluorosis (Dean's Index)</p><p>Age at assessment: 12 to 14 years</p>,<p>Not stated</p>,,
Berndt 2010,2010,PUB,24007074,"<p><b>FLUOROSIS STUDY</b></p><p>Country of study: Namibia</p><p>Geographic location: Ombili, Ondera, Vryheid, Kakuse</p><p>Year of study: October 2004</p><p>Year of change in fluoridation status: NA</p><p>Study design: cross-sectional</p>",<p>Inclusion criteria: aged 8 to 21 years</p><p>Other fluoride sources: 47 (39.3%) reported oral hygiene practice with fluoridated toothpaste (1400 ppm); 8 (6.7%) used traditional 'natural' toothbrush. Different ethnic groups differed markedly in their oral hygiene behaviour (P value 0.02)</p><p>Exclusion criteria: not stated</p><p>SES: not stated</p><p>Ethnicity: !Kung (45%); Heikum (35%); Damara (13%); Bantu (7%)</p><p>Residential history: residents of Ombili had been resident since 1991 and the residents of the other farms were lifetime residents</p><p>Other confounding factors: not stated</p>,<p>All natural fluoridation</p><p>Group 1: 0.28 ppm </p><p>Group 2: 0.38 ppm</p><p>Group 3: 1.06 ppm</p><p>Group 4: 1.43 ppm</p>,<p>Dental fluorosis (Dean's Index; CFI)</p><p>Age at assessment: 8 to 21 years</p>,<p>Not stated</p>,,
Birkeland 2005,2005,PUB,24007076,"<p><b>FLUOROSIS STUDY</b></p><p>Country of study: Sudan</p><p>Geographic location: Triet el Biga, Abu Delaig and Abu Groon</p><p>Year of study: not stated</p><p>Year of change in fluoridation status: NA</p><p>Study design: cross-sectional</p>",<p>Inclusion criteria: residence in the village from the age of 1 year</p><p>Exclusion criteria: not stated</p><p>Other fluoride sources: not stated</p><p>SES: similar socioeconomic conditions</p><p>Ethnicity: similar ethnicity</p><p>Residential history: lifetime residents</p><p>Other confounding factors: not stated</p>,<p>All natural fluoridation<br />Group 1: 0.3 to 1.4 ppm<br />Group 2: 0.8 to 2.2 ppm<br />Group 3: 2 to 4.2 ppm</p>,<p>Dental fluorosis (TF Index)</p><p>Age at assessment: 11 to 13 years</p>,<p>Not stated</p>,,
Blinkhorn 2015,2015,MIX,24007078,"<p><b>CARIES STUDY</b></p><p>Country of study: Australia</p><p>Geographic location: Group 1: Wyong Shire (population size of 142,724 residents); Group 2: Gosford city (population size of 162,017 residents); Group 3: Ballina and Byron (population sizes of 40,266 residents and 30,635 residents, respectively). </p><p>Year study started: 2008</p><p>Year study ended: 2012</p><p>Year of change in fluoridation status: 2008</p><p>Study design: ITS. A different sample of children was assessed at baseline and time points throughout the study, according to age at the time of assessment. </p>","<p>Inclusion criteria: children aged 5 to 7 years (data for 10- to 12-year-olds also provided)</p><p>Exclusion criteria: not stated</p><p>Sample size at baseline: Group 1: 825 children; Group 2: 781 children; Group 2: 523 children</p><p>Sample size at final assessment: Group 1: 811 children; Group 2: 844 children: Group 3: 612 children</p><p>SES: shires of Ballina and Byron were more rural and less industrialised than Wyong Shire and Gosford City. Information on parent's educational attainment and cardholder status was recorded, but not reported in detail.</p><p>Co-interventions: information on toothbrushing habit and sugary drink consumption was collected, but not reported in detail.</p><p>Ethnicity: aboriginal status was recorded, but not reported in detail.</p><p>Gender in baseline sample: equally balanced </p><p>Residential history: not stated</p>",<p>Group 1: fluoridated for over 40 years (data not included in review)</p><p>Group 2: newly fluoridated (ppm not stated)</p><p>Group 3: non-fluoridated (ppm not stated)</p>,<p>dmft; DMFT; % caries-free (primary dentition); % caries-free (permanent dentition)</p><p>Age at baseline assessment: 5 to 7 years; 10 to 12 years</p><p>Age at final assessment: 5 to 7 years; 10 to 12 years</p>,"<p>Centre for Oral Health Strategy, New South Wales Health, the Australian Dental Association (New South Wales Branch) and Northern Sydney and Central Coast Local Health Service</p>","<p>See <a type=""TABLE"" href=""432800047565131527"">Table 7</a> for ROBINS-I assessment</p><p><b>Confounding.</b> SES accounted for in analysis. Measured using cardholder status and highest educational attainment; details provided</p><p><b>Classification of interventions.</b> Intervention status classified correctly</p><p><b>Selection of participants into the study/analysis.</b> Children were drawn from Catholic and state schools in the 3 areas and schools were randomly selected from a master list until the individual school rolls for primary school children aged 5 to 7 years added up to around 900.</p><p><b>Deviations from intended interventions.</b> No deviations from intended intervention reported</p><p><b>Missing data.</b> Imbalance across study areas with regard to response rates (e.g 55% vs 80% in 2008 for non-fluoridated vs newly fluoridated) </p><p><b>Measurement of the outcome.</b> Children evaluated in school; examiners likely to know fluoridation status </p><p><b>Selection of the reported result. </b>No apparent selection of reporting</p>",<p>Published and unpublished data. DMFT data only available in unpublished report.</p>
Booth 1991,1991,PUB,24007081,<p><b>FLUOROSIS STUDY</b></p><p>Country of study: England</p><p>Geographic location: Huddersfield (F); Dewsbury (non-F)</p><p>Year of study: 1989</p><p>Year of change in fluoridation status: 1989</p><p>Study design: cross-sectional</p>,<p>Inclusion criteria: all 3-year-old white children; lifetime residents of study areas; positive informed consent</p><p>Exclusion criteria: children who had moved out of the area; children who were ill; children taking fluoride tablets</p><p>Other sources of fluoride: children taking fluoride tablets excluded from study</p><p>SES: areas matched using socioeconomic data from the 1981 census and recent unemployment data; parents asked about occupation of head of household during interview</p><p>Ethnicity: white children only</p><p>Residential history: lifetime residents</p><p>Other confounding factors: not stated</p>,<p>Group 1: 1 ppm (artificial fluoridation)<br/>Group 2: &lt; 0.3 ppm (natural fluoridation)</p>,"<p>Dental fluorosis (modified developmental defects of enamel index), caries data evaluated in study but excluded from review due to study design</p><p>Age at assessment: 3 years</p>",<p>North Western Regional Health Authority</p>,,
Brothwell 1999,1999,PUB,24007083,"<p><b>FLUOROSIS STUDY</b><br />Country of study: Canada<br />Geographic location: Wellington and Dufferin (neighbouring counties), South-Western Ontario<br />Year of study: 1996 to 1997 (academic year)<br />Year of change in fluoridation status: NA<br />Study design: cross-sectional</p>","<p>Inclusion criteria: children resident in Wellington-Dufferin-Guelph Health Unit area; parental consent; children aged 7 to 8 years</p><p>Exclusion criteria: children with non-erupted or insufficiently erupted central incisors; children absent on day of examination</p><p>Other sources of fluoride: amount of toothpaste usually used (""48.9% use &gt; pea sized amount, 365/747""); fluoride supplements (""14.5% take supplements, 107/740""); age started brushing; use of mouthwash (""4% routinely use fluoridated mouthwash, 30/752""); breast/bottle-fed; whether toothpaste used when brushing</p><p>SES: household income; highest level of education received. ""It is likely that respondents under-represented the disadvantaged segment of the population. How the low response rate in this subgroup affects the estimates of prevalence is unknown; however, it is unlikely to be a major source of bias<i>.""</i></p><p>Ethnicity: not stated</p><p>Residential history: ""The questionnaire assessed … years at current residence"", 39% lifelong residents (293/752); 64.8% (487/752 resided at tested source from before the age of 3 (fluorosis-sensitive period – multivariate analysis restricted to these 487 participants)</p><p>Other confounding factors: breast-feeding duration</p>",<p>Group 1: ≥ 0.7 ppm (natural fluoridation)<br/>Group 2: &lt; 0.7 ppm (natural fluoridation)</p>,<p>Dental fluorosis (TSIF score &gt; 1)<br />Age at assessment: 7 to 8 years</p>,<p>Not stated</p>,,"<p>Data extracted from <a type=""STUDY"" href=""396493774973722403"">Brothwell 1999</a> differs from that presented in <a type=""REFERENCE"" href=""396493773947417054"">McDonagh 2000</a></p>"
Brown 1965,1959,PUB,24007085,"<p><b>CARIES STUDY</b><br />Country of study: Canada<br />Geographic location: Group 1: Brantford (F) - total population size in 1951 was 36,727 residents; Group 2: Stratford (natural F) - total population size in 1951 was 18,785 residents; Group 3: Sarnia (non-F), Ontario - total population size in 1951 was 34,697 residents<br />Year study started: 1948<br />Year study ended: 1959<br />Year of change in fluoridation status: 1945<br />Study design: CBA. A different sample of children was assessed at baseline and end of study, according to age groups at the time of assessment. </p>",<p>Inclusion criteria: children aged 9 to 14 years; lifetime residents (absence of &lt; 6 weeks since birth); all primary and secondary schools in study areas</p><p>Exclusion criteria: none stated</p><p>Sample size at baseline (children aged 9 to 14 years): Group 1: 1188 children; Group 2: 803 children; Group 3: 1057 children</p><p>Sample size at final assessment (children aged 9 to 14 years): Group 1: 1005 children; Group 2: 1007 children; Group 3: 1006 children</p><p>SES: not stated</p><p>Co-interventions: not stated</p><p>Ethnicity: not stated</p><p>Gender: not stated</p><p>Residential history: lifetime residents</p>,<p><b>Initiation of water fluoridation</b></p><p>Group 1: artificial fluoridation - ppm not stated</p><p>Group 2: natural fluoridation - ppm not stated</p><p>Group 3: 'negligible' - ppm not stated (natural fluoridation)</p>,"<p>DMFT, % caries-free children (permanent teeth)</p><p>Age at baseline assessment: 9 to 11 years and 12 to 14 years</p><p>Age at final assessment: 9 to 11 years and 12 to 14 years</p>",<p>Not stated</p>,"<p>See <a type=""TABLE"" href=""432800047565131527"">Table 7</a> for ROBINS-I assessment</p><p><b>Confounding. </b>Study assessed as at critical risk for confounding due to lack of details regarding SES. No further assessment</p><p><b>Classification of interventions.</b> Intervention status classified correctly</p><p><b>Selection of participants into the study/analysis.</b> The study sample was selected by random sampling (by school and grade) described in ""A Suggested Methodology for Fluoridation Surveys in Canada"" (<a type=""REFERENCE"" href=""396493786082119201"">Department of National Health and Welfare 1952</a>)</p><p><b>Deviations from intended interventions.</b> No  deviations from intended intervention reported</p><p><b>Missing data.</b> Children 6 to 8 years were sampled and initially examined up until 1957, but were no longer included after 1957 as no significant differences were found to exist in that age group.</p><p><b>Measurement of the outcome.</b> Insufficient information regarding blinding; examiners likely to know fluoridation status</p><p><b>Selection of the reported result.</b> No apparent selective reporting</p>",
Budipramana 2002,2002,PUB,24007088,<p><b>FLUOROSIS STUDY</b><br/>Country of study: Indonesia<br/>Geographic location: 10 villages in Asembagus subdistrict<br/>Year of study: 1999<br/>Year of change in fluoridation status: NA<br/>Study design: cross-sectional</p>,<p>Inclusion criteria: school children aged 6 to 12 years who were lifetime residents</p><p>Exclusion criteria: not stated</p><p>Other sources of fluoride: not stated</p><p>SES: the villages all had identical SES</p><p>Ethnicity: the villages all had identical ethnic profiles</p><p>Residential history: lifetime residents</p><p>Other confounding factors: not stated</p>,<p>All natural fluoridation</p><p>Group 1: 0.51 ppm</p><p>Group 2: 0.81 ppm</p><p>Group 3: 2.25 ppm</p><p>Group 4: 3.16 ppm</p>,"<p>Dental fluorosis (Dean's Index); caries data evaluated in study, but excluded from review due to study design<br />Age at assessment: 6 to 12 years</p>",<p>Not stated</p>,,
Butler 1985,1985,PUB,24007090,<p><b>FLUOROSIS STUDY</b><br />Country of study: USA<br />Geographic location: 16 Texas communities (selected to reflect a wide range of fluoride levels in drinking water)<br />Year of study: 1980<br />Year study ended: 1981<br />Year of change in fluoridation status: unclear if natural or artifical fluoridation<br />Study design: cross-sectional</p>,"<p>Inclusion criteria: lifetime residents of study areas; enroled in grades 2 to 6 (aged 7 to 13 years) and 9 to 12 (aged 14 to 19 years) in public schools</p><p>Exclusion criteria: none stated</p><p>Other sources of fluoride: fluoride toothpaste, fluoride drops, number of fluoride treatments</p><p>SES: mother's education</p><p>Ethnicity: white/Spanish/black (ethnicity judged by surname?)</p><p>Residential history: lifetime residents</p><p>Other confounding factors: home air-conditioning; air temperature; number of months breastfed; children in the family; mother's age at child's birth; total dissolved solids in drinking water and zinc in drinking water; age</p>",<p>Unclear whether the fluoridation was natural in all areas<br />Group 1: 0.2 ppm<br />Group 2: 0.2 ppm<br />Group 3: 0.3 ppm<br />Group 4: 0.7 ppm<br />Group 5: 1.0 ppm<br />Group 6: 1.0 ppm<br />Group 7: 1.1 ppm<br />Group 8: 1.8 ppm<br />Group 9: 1.9 ppm<br />Group 10: 1.9 ppm<br />Group 11: 2.1 ppm<br />Group 12: 2.1 ppm<br />Group 13: 2.3 ppm<br />Group 14: 2.3 ppm<br />Group 15: 2.4 ppm<br />Group 16: 3.3 ppm</p>,<p>Dental fluorosis (CFI score; prevalence of observed mottling (moderate))<br />Age at assessment: 7 to 19 years</p>,<p>Supported by grants from the US Environmental Protection Agency</p>,,"<p>Data extracted from <a type=""STUDY"" href=""396493775087755276"">Butler 1985</a> differs from that presented in <a type=""REFERENCE"" href=""396493773947417054"">McDonagh 2000</a></p>"
Chandrashekar 2004,2004,PUB,24007092,<p><b>FLUOROSIS STUDY</b></p><p>Country of study: India</p><p>Geographic location: Davangere district</p><p>Year of study: 2002</p><p>Year of change in fluoridation status: NA</p><p>Study design: cross-sectional</p>,<p>Inclusion criteria: lifetime residency; age 12 to 15 years</p><p>Exclusion criteria: not stated</p><p>Other fluoride sources: not stated</p><p>SES: similar socioeconomic conditions</p><p>Ethnicity: not stated</p><p>Residential history: lifetime residents</p><p>Other confounding factors: not stated</p>,<p>All natural fluoridation<br />Group 1: 0.22 ppm<br />Group 2: 0.43 ppm<br />Group 3: 0.74 ppm<br />Group 4 0.93 ppm<br />Group 5: 1.1 ppm<br />Group 6: 1.22 ppm<br />Group 7: 1.63 ppm<br />Group 8: 2.08 ppm<br />Group 9: 2.33 ppm<br />Group 10: 2.64 ppm<br />Group 11: 2.91 ppm<br />Group 12: 3.41 ppm</p>,<p>Dental fluorosis (TF Index)</p><p>Age at assessment: 12 to 15 years</p>,<p>Not stated</p>,,
Chen 1989,1989,PUB,24007094,"<p><b>FLUOROSIS STUDY</b></p><p>Country of study: Taiwan</p><p>Geographic location: Shenkang Hsiang, Changwa</p><p>Year of study: 1987 to 1988</p><p>Year of change in fluoridation status: NA</p><p>Study design: cross-sectional</p>","<p>Inclusion criteria: children aged 6 to 16 years; lifetime residents of study areas; always used water wells as primary source of drinking water</p><p>Exclusion criteria: not stated</p><p>Other fluoride sources: not stated</p><p>SES: not stated</p><p>Ethnicity: not stated</p><p>Residential history: lifetime residents</p><p>Other confounding factors: study author states that project communities had approximately the same location, climate, diet, food habits and customs, mean average daily temperature (range) = 25 <sup>o</sup>C (13 <sup>o</sup>C to 37 <sup>o</sup>C)</p>",<p>All natural fluoridation<br />Group 1: 4.2 to 4.9 ppm<br />Group 2: 2.1 to 2.8 ppm<br />Group 3: 1.4 to 2.1 ppm<br />Group 4: 0.7 to 1.4 ppm<br />Group 5: 0.4 to 0.7 ppm<br />Group 6: &lt; 0.4 ppm</p>,<p>Dental fluorosis prevalence (Dean's Index); caries data evaluated in study but not included in review due to study design</p><p>Age at assessment: 6 to 16 years</p>,"<p>National Science Council, Taiwan, ROC (NSC-77-0412-B-039-05)</p>",,
Chen 1993,1993,PUB,24007096,"<p><b>FLUOROSIS STUDY</b></p><p>Country of study: China</p><p>Geographic location: Anquan village (low F); Hubei village (high F), Fenshun county, Guangdong Province</p><p>Year of study: 1984</p><p>Year study ended: 1991</p><p>Year of change in fluoridation status: 1984 Hubei, 1986 Anquan</p><p>Study design: before-and-after</p>",<p>Inclusion criteria: native born children aged 8 to 12 years for dental fluorosis</p><p>Exclusion criteria: not stated</p><p>Other sources of fluoride: not stated</p><p>SES: author stated that economic and living habits were similar in all study areas</p><p>Ethnicity: not stated</p><p>Residential history: only native-born children were assessed.</p><p>Other confounding factors: not stated</p>,"<p>Water source from wells changed to river water</p><p>Group 1: Hubei 4.1 mg/L (1984 pre-intervention – natural from wells); 0.8 mg/L (1984 at point of intervention – natural from river); 3.1 mg/L*(1991, 7 years post-intervention – natural from river)<br />* Increase due to damaged walls of well at bottom of river bed allowing hot spring water with high fluoride content to amalgamate. No regular monitoring took place after changing water supply and therefore unclear when water fluoride content increased in Hubei</p><p>Group 2: Anquan 12.5 mg/L (1984 pre-intervention – natural from wells); 0.3 mg/L (1986 at point of intervention – natural from river); 0.4 mg/L (1991, 5 years post-intervention – natural from river)</p>",<p>Dental fluorosis (Dean's Index); skeletal fluorosis</p><p>Age at baseline measure: 8 to 12 years (dental fluorosis) and 16 to 65 years (skeletal fluorosis)<br />Age at final measure: 8 to 12 years (dental fluorosis) and 16 to 65 years (skeletal fluorosis)</p>,<p>Not stated</p>,,"<p>Data extracted from <a type=""STUDY"" href=""396493775210176764"">Chen 1993</a> differs from that presented in <a type=""REFERENCE"" href=""396493773947417054"">McDonagh 2000</a></p><p>Discrepancies between text and table with regard to fluoride concentration</p>"
Clark 1993,1993,PUB,24007098,"<p><b>FLUOROSIS STUDY</b></p><p>Country of study: Canada</p><p>Geographic location: Kelowna (F); Vernon (non-F), British Columbia</p><p>Year of study: not stated</p><p>Year of change in fluoridation status: 1954</p><p>Study design: cross-sectional</p>","<p>Inclusion criteria: children in selected schools</p><p>Exclusion criteria: children with fixed orthodontic appliances; missing anterior teeth</p><p>Other sources of fluoride: not stated</p><p>SES: 2 communities selected because of regional and socioeconomic similarities</p><p>Ethnicity: not stated</p><p>Residential history: information recorded in questionnaire and verified by telephone, but doesn't appear to have been prohibitive for inclusion in study</p><p>Other confounding factors: 274 participants had been exposed to fluoride supplements</p>",<p>Group 1: 1.2 ppm (artificial fluoridation)<br/>Group 2: &lt; 0.1 ppm (natural fluoridation)</p>,<p>Dental fluorosis (TSIF)<br />Age at assessment: school age</p>,<p>Supported by the British Columbia Health Research Foundation</p>,,
Clarkson 1989,1989,PUB,24007100,<p><b>FLUOROSIS STUDY</b></p><p>Country of study: Ireland and England</p><p>Geographic location: Cork (low and high F; 2 separate areas) and Manchester (low F)</p><p>Year of study: not stated</p><p>Year of change in fluoridation status: not stated</p><p>Study design: cross-sectional</p>,<p>Inclusion criteria: children aged 8 and 15 years</p><p>Exclusion criteria: not stated</p><p>Other sources of fluoride: not stated</p><p>SES: not stated</p><p>Ethnicity: not stated</p><p>Residential history: not stated</p><p>Other confounding factors: not stated</p>,<p>Group 1: 'optimal' level - ppm not stated (artificial fluoridation)<br />Group 2: 'low' level - ppm not stated (natural fluoridation)<br />Group 3: 'low' level - ppm not stated (natural fluoridation)</p>,<p>Enamel defects (DDE)</p><p>Age at assessment: 8 and 15 years</p>,<p>Not stated</p>,,"<p>Data extracted from <a type=""STUDY"" href=""396493775289082273"">Clarkson 1989</a> differs from that presented in <a type=""REFERENCE"" href=""396493773947417054"">McDonagh 2000</a></p>"
Clarkson 1992,1992,PUB,24007102,<p><b>FLUOROSIS STUDY</b><br/>Country of study: Ireland</p><p>Geographic location: Ireland</p><p>Year of study: 1984</p><p>Year of change in fluoridation status: 1964</p><p>Study design: cross-sectional</p>,<p>Inclusion criteria: children aged 8 and 15 years</p><p>Exclusion criteria: none stated</p><p>Other sources of fluoride: increase in use of fluoride-containing toothpaste and infant formula made with fluoridated water</p><p>SES: not stated</p><p>Ethnicity: not stated</p><p>Residential history: not stated</p><p>Other confounding factors: problems of consistent levels in the fluoridated supply during the 1960s and early 1970s</p>,<p>Group 1: 'optimal' level - ppm not stated (artificial fluoridation)<br/>Group 2: 'low' level - ppm not stated (natural fluoridation)</p>,<p>Dental fluorosis (Deans Index); enamel defects (DDE)</p><p>Age at assessment: 8 and 15 years</p>,<p>Not stated</p>,,
Cochran 2004a,2004,PUB,24007104,"<p><b>FLUOROSIS STUDY</b></p><p>Country of study: Ireland, England, Greece, Netherlands, Finland, Iceland, and Portugal</p><p>Geographic location: Cork, Haarlem, Athens, Reykjavík, Oulu, Knowsley, Almada/Setubal</p><p>Year of study: 1997 to 1998</p><p>Year of change in fluoridation status: varies</p><p>Study design: cross-sectional</p>","<p>Inclusion criteria: not stated</p><p>Exclusion criteria: not stated</p><p>Other sources of fluoride: information about use of fluoride supplements, age at which toothpaste was first used and the amount and type of toothpaste used were collected but not reported.</p><p>SES: the sampling ensured a wide socioeconomic spread of participants.</p><p>Ethnicity: not stated</p><p>Residential history: parents were given questionnaires to supply information on history of living a fluoridated area. No further details reported</p><p>Other confounding factors: not stated</p>",<p>Group 1: &lt; 0.01 ppm (natural fluoridation)<br/>Group 2: 0.05 ppm (natural fluoridation)<br/>Group 3: 0.08 ppm (natural fluoridation)<br/>Group 4: &lt; 0.1 ppm (natural fluoridation)<br/>Group 5: 0.13 ppm (natural fluoridation)<br/>Group 6: 1 ppm (artificial fluoridation)</p>,<p>Dental fluorosis (TF Index); enamel defects (DDE)</p><p>Age at assessment: 8 years</p>,<p>Not stated</p>,,
Colquhoun 1984,1984,PUB,24007106,<p><b>FLUOROSIS STUDY</b></p><p>Country of study: New Zealand</p><p>Geographic location: Auckland</p><p>Year of study: 1983</p><p>Year of change in fluoridation status: 1953</p><p>Study design: cross-sectional</p>,"<p>Inclusion criteria: schoolchildren aged 7 to 12 years</p><p>Exclusion criteria: children with mottling who were known to have grown up in areas with different fluoridation status from the place in which they were examined.</p><p>Other sources of fluoride: fluoride toothpaste use accounted for 76% of toothpaste sales in New Zealand in 1980. Though there had been a marked increase in fluoride toothpaste use since 1970, there was no trend towards a greater severity of dental fluorosis among younger children.</p><p>SES: results stratified on social class - incidence of advanced dental fluorosis inversely related to social class but prevalence of dental fluorosis slightly higher in lower social class</p><p>Ethnicity: ethnic composition of study areas was similar except for higher proportion of Maori and Pacific Island people in the lower SES areas</p><p>Residential history: proportion of children at each clinic who were not life-long residents of the suburb was not ascertained, but there was no reason to suppose that proportions differed between areas.</p><p>Other confounding factors: not stated</p>",<p>Group 1: 1 ppm (artificial fluoridation)<br/>Group 2: 'low' level - ppm not stated (natural fluoridation)</p>,<p>Dental fluorosis (diffuse opacities)</p><p>Age at baseline measure: 7 to 12 years</p>,<p>Not stated</p>,,"<p>Data extracted from <a type=""STUDY"" href=""396493775412290208"">Colquhoun 1984</a> differs from that presented in <a type=""REFERENCE"" href=""396493773947417054"">McDonagh 2000</a></p>"
Correia Sampaio 1999,1999,PUB,24007108,<p><b>FLUOROSIS STUDY</b></p><p>Country of study: Brazil</p><p>Geographic location: rural areas of Paraiba</p><p>Year of study: 1997</p><p>Year of change in fluoridation status: NA</p><p>Study design: cross-sectional</p>,<p>Inclusion criteria: lifetime residents of study areas; children attending public schools (aged 6 to 11 years)</p><p>Exclusion criteria: children who refused to be examined; those without permanent teeth; undetermined place of birth</p><p>Other sources of fluoride: no topical or systemic fluoride programme implemented in schools; children interviewed about oral health habits and use of toothpaste</p><p>SES: all study areas were of low SES</p><p>Ethnicity: not stated</p><p>Residential history: lifetime residents</p><p>Other confounding factors: nutritional status</p>,<p>Group 1: &gt; 1.0 ppm (natural fluoridation)<br />Group 2: 0.7 to 1.0 ppm (natural fluoridation)<br />Control: &lt; 0.7 ppm (natural fluoridation)</p>,<p>Dental fluorosis (TF Index)</p><p>Age at assessment: 6 to 11 years</p>,<p>Brazilian Ministry of Education CAPES (1666/95-4)</p>,,
Cutress 1985,1985,PUB,24007110,"<p><b>FLUOROSIS STUDY</b></p><p>Country of study: New Zealand</p><p>Geographic location: Auckland, Frankton and Rodney</p><p>Year of study: not stated</p><p>Year of change in fluoridation: 1953</p><p>Study design: cross-sectional</p>",<p>Inclusion criteria: children returning parental consent forms and completed questionnaires; lifetime residents of study areas; children aged 9 years</p><p>Exclusion criteria: none stated</p><p>Other sources of fluoride: ingestion of fluoride tablets</p><p>SES: not stated</p><p>Ethnicity: European (80% F; 84% non F); Polynesian (16%F; 11% non-F); Asian (2% F; 1% Non-F); mixed (2% F; 4% non-F).</p><p>Residential history: lifetime residents</p><p>Other confounding factors: not stated</p>,<p>Group 1: 1.0 ppm (artificial fluoridation)<br/>Group 2: &lt; 0.3 ppm (natural fluoridation)</p>,<p>Any enamel defect</p><p>Age at assessment: 9 years</p>,<p>Not stated</p>,,
Cypriano 2003,2003,PUB,24007112,"<p><b>FLUOROSIS STUDY</b></p><p>Country of study: Brazil</p><p>Geographic location: Porto Feliz, Ipero, Itaoca and Barra do Chapeu (F); Bom Sucesso do Itarare and Itapirapua Paulista (non-F)</p><p>Year of study: 2003</p><p>Year of change in fluoridation status: 1981</p><p>Study design: cross-sectional</p>",<p>Inclusion criteria: pre-school children aged 5 to 6 years and students aged 7 to 12 years</p><p>Exclusion criteria: individuals outside the 5-to-12-years age bracket</p><p>Other sources of fluoride: not stated</p><p>SES: not stated</p><p>Ethnicity: not stated</p><p>Residential history: not stated</p><p>Other confounding factors: not stated</p>,<p>Group 1: 'optimal' level - ppm not stated (artificial fluoridation)<br/>Group 2: 'low' level - ppm not stated (natural fluoridation)</p>,<p>Dental fluorosis (CFI)</p><p>Age at assessment: 5 to 12 years</p>,<p>Not stated</p>,,
de Crousaz 1982,1982,PUB,24007114,<p><b>FLUOROSIS STUDY</b></p><p>Country of study: Switzerland</p><p>Geographic location: Bale-Ville (F); Friburg and Neuchatel (non-F)</p><p>Year of study: 1979</p><p>Year of change in fluoridation status: 1961</p><p>Study design: cross-sectional</p>,"<p>Inclusion criteria: not stated for control areas, for fluoride area only</p><p>Exclusion criteria: children born outside Switzerland</p><p>Other sources of fluoride: not stated</p><p>SES: not stated</p><p>Ethnicity: not stated</p><p>Residential history: lifetime residents</p><p>Other confounding factors: not stated</p>",<p>Group 1: 1 ppm (artificial fluoridation)<br/>Group 2: 'low' level - ppm not stated (natural fluoridation)</p>,<p>Dental fluorosis (TFI)</p><p>Age at assessment: 6 to 13 years</p>,<p>Subsidy from SSO research funds</p>,,"<p>Data extracted from <a type=""STUDY"" href=""396493775592907778"">de Crousaz 1982</a> differs from that presented in <a type=""REFERENCE"" href=""396493773947417054"">McDonagh 2000</a></p>"
DHSS England 1969,1967,PUB,24007116,"<p><b>CARIES STUDY</b></p><p>Country of study: England</p><p>Geographic location: Watford (F); Sutton (non-F). Total population in each location was approximately 70,000 to 80,000 residents</p><p>Year of study: 1956</p><p>Year study ended: 1967</p><p>Year of change in fluoridation status: 1956</p><p>Study design: CBA. A different sample of children was assessed at baseline and end of study, according to age at the time of assessment. </p>","<p>Inclusion criteria: lifetime residents of study areas; consumed piped water at home and at school</p><p>Exclusion criteria: children who were not continuous residents</p><p>Sample size at baseline: Group 1: 1608 children; Group 2: 1188 children</p><p>Sample size at final assessment: Group 1: 1578 children; Group 2: 1375 children</p><p>SES: none stated, however, study areas and associated control area had be situated near to each other and be of the same character (e.g. industrial, semi-industrial, rural or residential)</p><p>Co-interventions: not stated (information on oral hygiene was recorded)</p><p>Ethnicity: not stated</p><p>Gender: not stated</p><p>Residential history: lifetime residents</p>",<p><b>Initiation of water fluoridation</b></p><p>Group 1 at baseline: 'low' level - ppm not stated (natural fluoridation)<br />Group 1 post intervention: 0.89 ppm to 0.99 ppm (artificial fluoridation)<br />Group 2: 'low level' - ppm not stated (natural fluoridation)</p>,"<p>dmft, DMFT, % caries-free children (primary teeth), % caries-free children (permanent teeth)<br />Age at baseline assessment: 3 to 14 years<br />Age at final assessment: 3 to 14 years</p>",<p>Not stated</p>,"<p>See&nbsp;<a type=""TABLE"" href=""432800047565131527"">Table 7</a>&nbsp;for ROBINS-I assessment</p>
<p><b>Confounding.</b> Quote: ""an area with broadly similar characteristics was selected as a control"", although no reporting on how SES was measured or distributed</p>
<p><b>Classification of interventions.</b> Intervention status classified correctly</p>
<p><b>Selection of participants into the study/analysis.</b> Quote: ""representative cross-sections of children attending school were selected""</p>
<p><b>Deviations from intended interventions.</b> No deviations from intended intervention</p>
<p><b>Missing data.</b> It is reported that representative cross-sections of children were examined at each time point. There is no information to make a judgement about the numbers examined versus the numbers reported. No data on confounding variables for participants is reported.</p>
<p><b>Measurement of the outcome.</b> No blinding of assessment</p>
<p><b>Selection of the reported result.</b> Outcome of interest reported, however, standard deviations missing</p>","<p>Data extracted from <a type=""STUDY"" href=""396493775636161629"">DHSS England 1969</a> differs from that presented in <a type=""REFERENCE"" href=""396493773947417054"">McDonagh 2000</a> (additional data extracted)</p>"
DHSS Scotland 1969,1969,PUB,24007119,"<p><b>CARIES STUDY</b><br />Country of study: Scotland<br />Geographic location: Group 1: Kilmarnock (F); Group 2: Ayr (non-F). Total population size in each location approximately 43,000 residents<br />Year study started: 1956<br />Year study ended: 1968<br />Year of change in fluoridation status: 1956. Fluoridation stopped in 1962. <br />Study design: CBA. A different sample of children was assessed at baseline and end of study, according to age at the time of assessment</p>","<p>Inclusion criteria: lifetime residents of study areas; consumed piped water at home and at school</p><p>Exclusion criteria: not stated</p><p>Sample size at baseline: Group 1. 209, Group 2. 184</p><p>Sample size at final assessment: Group 1. 306, Group 2. 262</p><p>SES: not stated</p><p>Co-interventions: not stated</p><p>Ethnicity: not stated</p><p>Gender: not stated</p><p>Residential history: continuous residents</p>",<p><b>Initiation of fluoridation</b></p><p>Group 1: 1 ppm (artificial fluoridation)</p><p>Group 2: 'low' level - ppm not reported (natural fluoridation)</p>,"<p>dmft, % caries-free children (primary teeth)<br />Age at baseline assessment: 3 to 4 years<br />Age at final  assessment: 3 to 4 years</p><p>DMFT data are reported, but without numbers per group or SDs, and only for baseline and 6 years after fluoridation ceased. </p>",<p>Not stated</p>,"<p>See <a type=""TABLE"" href=""432800047565131527"">Table 7</a> for ROBINS-I assessment</p><p><b>Confounding.</b> Quote: ""an area with broadly similar characteristics was selected as a control"", although no reporting on how SES was measured or distributed.</p><p><b>Classification of interventions.</b> Intervention status classified correctly</p><p><b>Selection of participants into the study/analysis.</b> Quote: ""representative cross-sections of children attending school were selected""</p><p><b>Deviations from intended interventions.</b> No deviations from intended intervention reported </p><p><b>Missing data. </b>It is reported that representative cross-sections of children were examined at each time point. There is no information to make a judgement about the numbers examined versus the numbers reported. No data on confounding variables for participants is reported.</p><p><b>Measurement of the outcome.</b> No blinding of assessment</p><p><b>Selection of the reported result.</b> Outcome of interest reported, however, SDs missing and it is stated in the 1962 report that examinations of nursery age children were taken but not reported. </p>",<p>Study evaluated children 3 to 7 years old; only 3- and 4-year-old data included in the review as full dentition not available for other age groups.</p>
DHSS Wales 1969,1965,PUB,24007122,"<p><b>CARIES STUDY</b><br />Country of study: Wales<br />Geographic location: Group 1 and Group 2: Gwalchmai zone (F); Holyhead (mainly F - gets most water from Gwalchmai, but occasionally also receives water from Bodafon); Group 3: Bodafon zone (non-F). Total population in Anglesey region was 50,000 residents <br />Year study started: 1956<br />Year study ended: 1965<br />Year of change in fluoridation status: 1955<br />Study design: CBA. A different sample of children was assessed at baseline and end of study, according to age at the time of assessment. </p>","<p>Inclusion criteria: continuous residents of study areas; consumed piped water both at home and school; up to 15 years (Gwalchmai and Bodafon); up to 11 years (Holyhead)</p><p>Exclusion criteria: not stated</p><p>Sample size at baseline: Group 1: 3004 children; Group 2: 1980 children; Group 3: 3325 children</p><p>Sample size at final assessment: Group 1: 1525 children; Group 2: 977 children; Group 3: 1371 children</p><p>Other sources of fluoride: not stated</p><p>SES: not stated, however, study areas and associated control area had be situated near to each other and be of the same character (e.g. rural).</p><p>Co-interventions: not stated (information on oral hygiene was recorded)</p><p>Ethnicity: not stated</p><p>Gender: not stated</p><p>Residential history: continuous residents</p>",<p><b>Initiation of water fluoridation</b></p><p>Group 1 baseline: 'low' level - ppm not stated (natural fluoridation)<br />Group 1 post intervention: 0.8 to 0.9 ppm (artificial fluoridation)<br />Group 2 baseline: 'low' level - ppm not stated (natural fluoridation)<br />Group 2 post intervention: 0.8 to 0.9 ppm (artificial fluoridation)<br />Group 3: 'low' level - ppm not stated (natural fluoridation)</p>,"<p>dmft, DMFT, % caries-free children (primary teeth), % caries-free children (permanent teeth)<br />Age at baseline assessment: 3 to 14 years<br />Age at final assessment: 3 to 14 years</p>",<p>Not stated</p>,"<p>See <a type=""TABLE"" href=""432800047565131527"">Table 7</a> for ROBINS-I assessment</p><p><b>Confounding.</b> Quote:<b> </b>""an area with broadly similar characteristics was selected as a control"", although no reporting on how SES was measured or distributed</p><p><b>Classification of interventions.</b> Intervention status classified correctly</p><p><b>Selection of participants into the study/analysis.</b> All eligible school children (those with lifetime residency) examined</p><p><b>Deviations from intended interventions.</b> No deviations from intended intervention. The dose in the intervention area was found to vary from 0.71-0.96 ppm due to supplementation of water supplies locally however this is within the range for what is considered to be optimal dose. </p><p><b>Missing data.</b> The study reports that ""All eligible school children were examined"", suggesting outcome data for all participants are presented although not explicitly stated. No data on confounding variables for participants are reported.</p><p><b>Measurement of the outcome.</b> No blinding of assessment</p><p><b>Selection of the reported result.</b> Outcome of interest reported, however, SDs missing</p>","<p>Data extracted from <a type=""STUDY"" href=""396493775725290776"">DHSS Wales 1969</a> differs from that presented in <a type=""REFERENCE"" href=""396493773947417054"">McDonagh 2000</a> (additional data extracted)</p>"
Downer 1994,1994,PUB,24007125,"<p><b>FLUOROSIS STUDY</b></p><p>Country of study: England, Scotland and Ireland</p><p>Geographic location: Dublin (F); north London, Edinburgh and Glasgow (non-F)</p><p>Year of study: not stated</p><p>Year of change in fluoridation status: 1965</p><p>Study design: cross-sectional</p>","<p>Inclusion criteria: children aged 12 years; lifetime residents of study areas</p><p>Exclusion criteria: not stated</p><p>Other sources of fluoride: not stated</p><p>SES: not stated, however, sampling in the fluoridated areas was done to achieve a mix of participants from different SES</p><p>Ethnicity: not stated</p><p>Residential history: lifetime residents</p><p>Other confounding factors: not stated</p>",<p>Group 1: 0.9 ppm (artificial fluoridation)<br/>Group 2: 'low' level - ppm not stated (natural fluoridation)<br/>Group 3: 'low' level - ppm not stated (natural fluoridation)<br/>Group 4: 'low' level - ppm not stated (natural fluoridation)</p>,<p>Enamel defects (DDE); caries data also evaluated within the study but excluded from review due to study design</p><p>Age at assessment: 12 years</p>,<p>Not stated</p>,,
Driscoll 1983,1983,PUB,24007128,<p><b>FLUOROSIS STUDY</b></p><p>Country of study: USA</p><p>Geographic location: 7 rural Illinois communities within 75 miles of each other</p><p>Year of study: 1980</p><p>Year of change in fluoridation status: NA</p><p>Study design: cross-sectional</p>,"<p>Inclusion criteria: children in grades 3-10 (age 8 to 16 years); lifetime residents of study areas; consumed public water; parental consent</p><p>Exclusion criteria: not stated</p><p>Other sources of fluoride: not stated</p><p>SES: relatively small, rural communities chosen because they shared several similar characteristics</p><p>Ethnicity: &lt; 5% non-white</p><p>Residential history: lifetime residents</p><p>Other confounding factors: same climatic zone</p>",<p>Group 1: 3.84 to 4.07 ppm (natural fluoridation)<br />Group 2: 2.84 to 3.77 ppm (natural fluoridation)<br />Group 3: 2.08 ppm (natural fluoridation)<br />Group 4: 1.06 ppm (natural fluoridation)</p>,<p>Dental fluorosis (Dean's Index; CFI; TSIF was also used but reported in a later paper); caries data were measured but excluded from this review due to study design</p><p>Age at assessment: 8 to 16 years</p>,<p>Not stated</p>,,<p>None of the communities had made any change in its water source that was likely to alter the fluoride concentration during the period relevant to the study</p>
Ekanayake 2002,2002,PUB,24007130,<p><b>FLUOROSIS STUDY</b></p><p>Country of study: Sri Lanka</p><p>Geographic location: Uda Walawe</p><p>Year of study: 2001</p><p>Year of change in fluoridation status: NA</p><p>Study design: cross-sectional</p>,<p>Inclusion criteria: completion of the 14th but not the 15th birthday; availability in school on the day of the examination</p><p>Exclusion criteria: not stated</p><p>Other sources of fluoride: not stated</p><p>SES: almost all belonged to the low socioeconomic group</p><p>Ethnicity: not stated</p><p>Residential history: resident at present address since birth</p><p>Other confounding factors: no details reported; nearly 75% of the chldren had used fluoride toothpaste from the age of about 9 to 12 months (discussion section)</p>,<p>All natural fluoridation<br />Group 1: ≤ 0.3 ppm<br />Group 2: 0.31 to 0.49 ppm<br />Group 3: 0.5 to 0.7 ppm<br />Group 4: &gt; 0.7 ppm</p>,<p>Enamel defect (DDE)</p><p>Age at assessment: 14 years</p>,<p>Not stated</p>,,
Eklund 1987,114,PUB,24007132,"<p><b>FLUOROSIS STUDY</b></p><p>Country of study: USA</p><p>Geographic location: Lordsburg (high-F); Deming (lower-F), New Mexico</p><p>Year of study: not stated</p><p>Year of change in fluoridation status: NA</p><p>Study design: cross-sectional</p>",<p>Inclusion criteria: resident in study areas for the first 6 years of life; participants aged approximately 30 to 60 years old; consumed city water supplies</p><p>Exclusion criteria: not stated</p><p>Other sources of fluoride: not stated</p><p>SES: areas similar for education and income level; number of years of education similar between areas</p><p>Ethnicity: Lordsburg: 89.6% = Hispanic; Deming: 74.2% = Hispanic</p><p>Residential history: residence for the first 6 years of life</p><p>Other confounding factors: not stated</p>,<p>All natural fluoridation<br/>Group 1: 3.5 ppm<br/>Group 2: 0.7 ppm</p>,<p>Dental fluorosis (Dean's Index); caries data also evaluated within the study but excluded from review due to study design</p><p>Age at assessment: 27 to 65 years</p>,<p>Not stated</p>,,"<p>Data extracted from <a type=""STUDY"" href=""396493775918491288"">Eklund 1987</a> differs from that presented in <a type=""REFERENCE"" href=""396493773947417054"">McDonagh 2000</a></p>"
Ellwood 1995,1995,PUB,24007134,"<p><b>FLUOROSIS STUDY</b></p><p>Country of study: England, Ireland and Wales</p><p>Geographic location: Chester (non-F); Bala (non-F); Anglesey (F); Cork (F)</p><p>Year of study: 1991</p><p>Year study ended: not reported</p><p>Year of change in fluoridation status: NA</p><p>Study design: cross-sectional study</p>",<p>Inclusion criteria: lifetime residents of study areas (children only); agreement to participate</p><p>Exclusion criteria: fixed orthodontic appliances</p><p>Other sources of fluoride: tooth brushing behaviour - age started brushing; weekly tooth brushing frequency</p><p>SES: children from all 3 groups were from schools with a similar social profile</p><p>Ethnicity: not stated</p><p>Residential history: lifetime residents</p><p>Other confounding factors: not stated</p>,<p>Group 1: 0.7 ppm (artificial fluoridation)<br/>Group 2: 0.9 ppm (artificial fluoridation)<br/>Group 3: &lt; 0.1 ppm (natural fluoridation)</p>,<p>Enamel defect (DDE)</p><p>Age at assessment: 14 years</p>,<p>Not stated</p>,,
Ellwood 1996,1996,PUB,24007136,<p><b>FLUOROSIS STUDY</b></p><p>Country of study: England and Wales</p><p>Geographic location: Anglesey (F); Chester and Bala (non-F)</p><p>Year of study: 1991</p><p>Year of change in fluoridation status: 1955</p><p>Study design: cross-sectional</p>,"<p>Inclusion criteria: children in their 3rd year of secondary education; lifelong residents of study areas</p><p>Exclusion criteria: children with fixed orthodontic appliances; absence at the time of examination</p><p>Other sources of fluoride: not stated</p><p>SES: not stated, however, the schools in the non-fluoridated areas had similar catchment areas to those from the fluoridated area. No further details reported</p><p>Ethnicity: not stated</p><p>Residential history: lifetime residents</p><p>Other confounding factors: not stated</p>",<p>Group 1: 0.7 (artificial fluoridation)<br/>Control: &lt; 0.1 (natural fluoridation)</p>,<p>Dental fluorosis (TF Index); caries data also evaluated within the study but excluded from review due to study design</p><p>Age at assessment: 14 years</p>,<p>Not stated</p>,,
Ermis 2003,2003,PUB,24007138,<p><b>FLUOROSIS STUDY</b></p><p>Country of study: Turkey</p><p>Geographic location: Izmir and Isparta</p><p>Year of study: not stated</p><p>Year of change in fluoridation status: NA</p><p>Study design: cross-sectional</p>,<p>Inclusion criteria: lifelong residence; use of the public water supply continuously as source of drinking water; absence of nutrition deficiency</p><p>Exclusion criteria: not stated</p><p>Other sources of fluoride: not stated</p><p>SES: the selected schools were public secondary schools</p><p>Ethnicity: not stated</p><p>Residential history: lifetime residents</p><p>Other confounding factors: toothbrushing frequency: did not brush = 22 (7.9%); irregularly = 49 (17.6%); once a day = 115 (41.4%); more than once = 92 (33.1%)</p>,<p>All natural fluoridation<br />Group 1: 0.3 to 0.4 ppm<br />Group 2: 1.42 to 1.54 ppm<br />Group 3: 1.55 to 1.66 ppm</p>,<p>Dental fluorosis prevalence (TSIF); caries data also evaluated within the study but excluded from review due to study design</p><p>Age at assessment: 12 to 14 years</p>,<p>Not stated</p>,,
Firempong 2013,2013,PUB,24007140,"<p><b>FLUOROSIS STUDY</b></p><p>Country of study: Ghana</p><p>Geographic location: Bongo district (Zone A: Atampiisi, Soeboko and Aliba; Zone B: Nayire, Boyrigo, Anabisa, Amagre and Tigre; Zone C: Soe, Kuyeligo, and Kunduo; Zone D: Yakanzanway, Gurigo, Ababorobiisi, Zaasi, and Anafobiisi)</p><p>Year of study: 2008-2009</p><p>Year of change in fluoridation status: NA</p><p>Study design: cross-sectional</p>",<p>Inclusion criteria: lived in the area for the first 7 years of childhood; using water from a constant source that could still be traced</p><p>Exclusion criteria: medically confirmed dental problem different from dental fluorosis; history of tobacco or kola use</p><p>Other sources of fluoride: information on frequency of toothbrushing (P = 0.101) and type of oral health product (P = 0.179) were collected and there was no difference between the 4 zones</p><p>SES: the children had similar educational backgrounds</p><p>Ethnicity: not stated</p><p>Residential history: lifetime residents for first 7 years of childhood</p><p>Other confounding factors: not stated</p>,<p>All natural fluoridation<br/>Group 1: 0.95 ppm<br/>Group 2: 1 ppm<br/>Group 3: 1.86 ppm<br/>Group 4: 2.36 ppm</p>,<p>Dental fluorosis (Dean's Index)</p><p>Age at assessment: 7 to 18 years</p>,"<p>Supported by the Regional Laboratory of the Ghana Water Company/Aqua Viten Rands Limited in Tamale, Ghana</p>",,
Forrest 1956,Br Dent J,PUB,24007142,<p><b>FLUOROSIS STUDY</b></p><p>Country of study: England</p><p>Geographic location: West Mersey (5.8 ppm); Burnham-on-Crouch (3.5 ppm); Harwich (2/1.6 ppm); Slough (0.9 ppm) Saffron Walden and District (non-F); Stoneleigh and Malden West (non-F)</p><p>Year of study: 1954</p><p>Year of change in fluoridation status: NA</p><p>Study design: cross-sectional</p>,<p>Inclusion criteria: lifetime residents of study areas; children aged 12 to 14 years</p><p>Exclusion criteria: not stated</p><p>Other sources of fluoride: not stated</p><p>SES: not stated</p><p>Ethnicity: not stated</p><p>Residential history: lifetime residents</p><p>Other confounding factors: not stated</p>,<p>All natural fluoridation<br />Group 1: 5.8 ppm<br />Group 2: 3.5 ppm<br />Group 3: 2.0 ppm<br />Group 4: 0.9 ppm<br />Group 5: 0.1 to 0.2 ppm<br />Group 6: 0.1 ppm</p>,<p>Dental fluorosis (Dean’s Index); caries data also evaluated within the study but excluded from review due to study design</p><p>Age at assessment: 12 to 14 years</p>,<p>Not stated</p>,,"<p>Data extracted from <a type=""STUDY"" href=""396493776165431436"">Forrest 1956</a> differs from that presented in <a type=""REFERENCE"" href=""396493773947417054"">McDonagh 2000</a></p>"
Forrest 1965,1965,PUB,24007144,"<p><b>FLUOROSIS STUDY</b></p><p>Country of study: Wales</p><p>Geographic location: Gwalchmai (F); Bodafon (non-F), Anglesey</p><p>Year of study: 1963</p><p>Year of change in fluoridation status: 1955</p><p>Study design: cross-sectional</p>","<p>Inclusion criteria: children aged 8 years from a selection of schools</p><p>Exclusion criteria: schools in Holyhead; schools in Llangefni and Beaumaris, as changed supply from fluoridated to non-fluoridated in 1961</p><p>Other sources of fluoride: not stated</p><p>SES: not stated</p><p>Ethnicity: not stated</p><p>Residential history: not clearly stated, however, the participants were chosen for being the only ones who had received fluoride for most of their lives.</p><p>Other confounding factors: not stated</p>",<p>Group 1: 1 ppm (artificial fluoridation)<br/>Group 2: ≤ 0.2 ppm (natural fluoridation)</p>,<p>Outcome: enamel defects</p><p>Age at assessment: 8 years</p>,<p>Not stated</p>,,
Franzolin 2008,2008,PUB,24007146,<p><b>FLUOROSIS STUDY</b></p><p>Country of study: Brazil</p><p>Geographic location: São Paulo</p><p>Year of study: not stated</p><p>Year of change in fluoridation status: 1975</p><p>Study design: cross-sectional</p>,<p>Inclusion criteria: residence in the same geographical area as the school since birth</p><p>Exclusion criteria: not stated</p><p>SES: homogeneous population comprising entirely of public school students</p><p>Ethnicity: white = 243 (67.5%); black = 41 (11.4%); admixture = 73 (20.3%); Asian = 3 (0.8%)</p><p>Residential history: lifetime residents</p><p>Other confounding factors: not stated</p>,<p>Group 1: 'optimal' level - ppm not stated (artificial fluoridation via water treatment station)<br/>Group 2: 'optimal' level - ppm not stated (artificial fluoridation via direct fluoridation in well)<br/>Group 3: 'low' level - ppm not stated (natural fluoridation)</p>,"<p>Dental fluorosis (TF Index); caries data collected, however, excluded from the review due to study design</p><p>Age at assessment: 12 years</p>",<p>Not stated</p>,,
Garcia-Perez 2013,2013,PUB,24007148,<p><b>FLUOROSIS STUDY</b></p><p>Country of study: Mexico</p><p>Geographic location: Morelos</p><p>Year of study: 2013</p><p>Year of change in fluoridation status: NA</p><p>Study design: cross-sectional</p>,"<p>Inclusion criteria: children who had been born in the community, lived in the community from 1 year of age onwards, or had not moved in or out of the community for more than 6 months</p><p>Exclusion criteria: systemic diseases requiring premedication; absence on the days of the oral examination; children who had brackets</p><p>Other sources of fluoride: bottled water often containing 0.3 to 0.6 ppm fluoride levels; dentifrice use; number of times brushing teeth per day</p><p>SES: both communities had a low socioeconomic level</p><p>Ethnicity: not stated</p><p>Residential history: lifetime residents</p><p>Other confounding factors: not stated</p>",<p>All natural fluoridation<br />Group 1: 0.56 to 0.76 ppm<br />Group 2: 1.45 to 1.61 ppm</p>,<p>Dental fluorosis (TF Index); caries data also evaluated within the study but excluded from review due to study design</p><p>Age at assessment: 12 years</p>,"<p>Partially funded by the Metropolitan Autonomous University, Xochimilco (Universidad Autonoma Metropolitana, UAM-X) and the National Council of Science and Technology (Consejo Nacional de Ciencia y Tecnologia)</p>",,
Gaspar 1995,1995,PUB,24007150,<p><b>FLUOROSIS STUDY</b></p><p>Country of study: Brazil</p><p>Geographic location: Piracicaba (F); Iracemapolis (non-F)</p><p>Year of study: not stated</p><p>Year of change in fluoridation status: 1974</p><p>Study design: cross-sectional</p>,<p>Inclusion criteria: children aged 10-14; lifetime residents of study areas</p><p>Exclusion criteria: not stated</p><p>Other sources of fluoride: not stated</p><p>Ethnicity: not stated</p><p>SES: not stated</p><p>Residential history: lifetime residents</p><p>Other confounding factors: not stated</p>,<p>Group 1: &lt; 0.2 ppm (natural fluoridation)<br/>Group 2: 0.7 ppm (artificial fluoridation)</p>,<p>Dental fluorosis prevalence (TF Index)</p><p>Age at assessment: 10 to 14 years</p>,<p>Not stated</p>,,"<p>Data from <a type=""REFERENCE"" href=""396493773947417054"">McDonagh 2000</a>; unable to obtain original unpublished study (unverified data)</p>"
Goodwin 2022,2022,MIX,24007152,"<p><b>CARIES STUDY</b></p><p>Country of study: UK</p><p>Geographic location: West Cumbria (F) - population size 132,134 residents; East Cumbria (non-F) - population size 333,909 residents</p><p>Year study started: 2013. We note that this area had previously been served by a water fluoridation programme since the 1960s, but the scheme was paused in 2006 owing to a refurbishment project. The start of the study in 2013 was a recommencement of a water fluoridation programme.</p><p>Year study ended: 2019</p><p>Year of change in fluoridation status: 2013</p><p>Study design: CBA. The same cohort of children was followed up from baseline to final assessment.</p>","<p>Inclusion criteria: children living in the study areas. For the older school cohort - attending state school, in first year of study at time of recruitment, had been lifetime residents of predefined areas of Cumbria</p><p>Exclusion criteria: people planning to move from the area during the study period; lack of consent; individuals with life-threatening conditions (including maternal and foetal, for birth cohort) at time of recruitment</p><p>Sample size at baseline: Group 1: 786 children; Group 2: 1249 children</p><p>Sample size at final assessment: Group 1: 609 children; Group 2: 835 children. </p><p>SES: higher levels of deprivation in fluoridated water locations</p><p>Co-interventions: not stated</p><p>Ethnicity: not stated</p><p>Gender: equally balanced</p><p>Residential history: lifetime residents </p>","<p>Initiation of water fluoridation</p><p>Group 1: 1 ppm fluoride (artificial fluoridation)</p><p>Group 2: 'non-WF', ppm not stated (natural fluoridation)</p>",<p>DMFT; dmft; health inequalities</p><p>Age at baseline assessment: birth cohort (born in first year of study); older school cohort - 5 years of age </p><p>Age at final assessment: birth cohort - 5 years; older school cohort - 11 years</p>,<p>NIHR Public Health Research programme</p>,"<p>See <a type=""TABLE"" href=""432800047565131527"">Table 7</a> for ROBINS-I assessment</p><p><b>Confounding.</b> Quote: ""In both cohorts, the primary outcome and secondary outcomes (dmft/DMFT) were compared across exposed and non-exposed groups by quintile of deprivation""</p><p><b>Classification of interventions.</b> Quote: ""The fluoridated area in Cumbria covers a population of approximately 132,134 people in the areas of Allerdale and Copeland (but not all residents in Allerdale and Copeland receive WF)."" The proportion of those not receiving WF is unclear.</p><p><b>Selection of participants into the study/analysis.</b> Birth cohort - quote: ""All new parents were approached during pregnancy and postnatally""; Older cohort - quote: ""all primary schools in West Cumbria  and a comparable group across North Cumbria""</p><p><b>Deviations from intended interventions. </b>Quote: ""there was substantial interruption to the dosing of water supplies caused, in part, by a series of major flooding events that hit Cumbria at the end of 2015 and start of 2016, as well as the innate fragility of the plants themselves"". It is noted that such variations in dosing is common within water fluoridation programmes.</p><p><b>Missing data. </b>No concerns</p><p><b>Measurement of the outcome.</b> Quote: ""The difference in the proportion of participants with decay between test and control groups assessed using blinded photographs was compared with the difference in the proportion of participants with decay between test and control groups assessed using traditional unblinded clinical examinations to identify any systematic bias"". For birth cohort a kappa score of 0.71 was shown; no kappa score presented for older cohort</p><p><b>Selection of the reported result. </b>No concerns </p>",
Goward 1982,1982,PUB,24007154,<p><b>FLUOROSIS STUDY</b></p><p>Country of study: England</p><p>Geographic location: 2 adjacent districts of Leeds with different fluoride levels</p><p>Year of study: 1979</p><p>Year of change in fluoridation status: 1968</p><p>Study design: cross-sectional</p>,"<p>Inclusion criteria: lifetime residents of study areas (children only); children aged 5</p><p>Exclusion criteria: not clear, though children using systemic or topical fluoride supplements were excluded from the study</p><p>Other sources of fluoride: children using systemic or topical fluoride supplements excluded from the study</p><p>SES: not stated</p><p>Ethnicity: not stated</p><p>Residential history: lifetime residents</p><p>Other confounding factors: difference in breastfed vs bottle-fed children</p>",<p>Group 1: 0.9 ppm (artificial fluoridation)<br />Group 2: &lt; 0.1 ppm (natural fluoridation)</p>,<p>Dental fluorosis (defined by Al-Alousi)</p><p>Age at time of measurement: 5 years</p>,<p>Not stated</p>,,
Gray 2001,1997,PUB,24007156,"<p><b>CARIES STUDY</b></p><p>Country of study: England</p><p>Geographic location: Group 1: Sedgeley and Coseley (F), Group 2: Dudley town (F), Group 3: Brierley Hill and Kingswinford (F), Group 4: Halesowen (F); Group 5: Stourbridge (non-F). Total population sizes for each location not stated</p><p>Year study started: 1988</p><p>Year study ended: 1997</p><p>Year of change in fluoridation status: 1987</p><p>Study design: CBA. A different sample of children was assessed at baseline and time points during the study, according to age at the time of assessment. </p>",<p>Inclusion criteria: children living in study area since 1988</p><p>Exclusion criteria: not stated</p><p>Sample size at baseline: Group 1: 537 children; Group 2: 552 children: Group 3: 826 children; Group 4: 547 children; Group 5: 466 children</p><p>Sample size at final assessment: Group 1: 475 children; Group 2: 594 children; Group 3: 891 children; Group 4: 564 children; Group 5: 419 children</p><p>SES: participants were all from state-funded primary schools and might have been socioeconomically similar</p><p>Co-interventions: not stated</p><p>Ethnicity: not stated</p><p>Gender: not stated</p><p>Residential history: lifetime residents</p>,<p><b>Initiation of water fluoridation</b></p><p>Group 1: 1 ppm (artificial fluoridation)<br/>Group 2: 1 ppm (artificial fluoridation)<br/>Group 3: 1 ppm (artificial fluoridation)<br/>Group 4: 1 ppm (artificial fluoridation)<br/>Group 5: 0.3 ppm (natural fluoridation)</p>,<p>% caries free (primary teeth)</p><p>Age at baseline assessment: 5 years</p><p>Age at final assessment: 5 years</p>,<p>Not stated</p>,"<p>See&nbsp;<a type=""TABLE"" href=""432800047565131527"">Table 7</a>&nbsp;for ROBINS-I assessment</p>
<p><b>Confounding.</b> Study assessed as at critical risk for confounding due to lack of details regarding SES. No further assessment.</p>
<p><b>Classification of interventions.</b> Quote: ""the location of the school attended by children, was used in the 1988/89 and the 1992/93 studies as the basis for allocating children to each of the towns. This is not an ideal basis, as children may live in one area and attend school in a neighbouring area and there will be some cross boundary flow in the two earlier studies.""</p>
<p><b>Selection of participants into the study/analysis.</b> According to&nbsp;<a type=""REFERENCE"" href=""442919193212366883"">Pitts 1997</a>, representative samples were drawn from a whole population of Dudley health authority</p>
<p><b>Deviations from intended interventions. </b>No deviations from intended intervention reported</p>
<p><b>Missing data.</b> Insufficient information</p>
<p><b>Measurement of the outcome.</b> No blinding of assessors</p>
<p><b>Selection of the reported result.</b> No evidence of selective reporting</p>","<p>Data extracted from <a type=""STUDY"" href=""396493776475286278"">Gray 2001</a> differs from that from Gray 2000 (unpublished) which was originally presented in <a type=""REFERENCE"" href=""396493773947417054"">McDonagh 2000</a></p>"
Grimaldo 1995,1965,PUB,24007159,<p><b>FLUOROSIS STUDY</b></p><p>Country of study: Mexico</p><p>Geographic location: San Luis Potasi</p><p>Year of study: not stated</p><p>Year of change in fluoridation status: NA</p><p>Study design: cross-sectional</p>,"<p>Inclusion criteria: lifetime residents at same address; children aged 11 to 13 years in selected schools; parental consent</p><p>Exclusion criteria: not stated</p><p>Other sources of fluoride: not stated</p><p>SES: not stated</p><p>Ethnicity: not stated</p><p>Residential history: lifetime residents</p><p>Other confounding factors: local diet rich in calcium, reduces fluoride absorption</p>",<p>All natural fluoridation<br />Group 1: &gt; 2.0 ppm<br />Group 2: 1.2 to 2.0 ppm<br />Group 3: 0.7 to 1.2 ppm<br />Group 4: &lt; 0.7 ppm</p>,<p>Dental fluorosis (Dean's Index)</p><p>Age at assessment: 11 to 13 years</p>,<p>Not stated</p>,,
Grobler 1986,1986,PUB,24007161,<p><b>FLUOROSIS STUDY</b></p><p>Country of study: South Africa</p><p>Geographic location: Nourivier (low F); Tweeriviere (high F) in North Western Cape Province</p><p>Year of study: not stated</p><p>Year of change in fluoridation status: NA</p><p>Study design: cross-sectional</p>,<p>Inclusion criteria: lifetime residents of study areas; children aged 12 to 13 years</p><p>Exclusion criteria: not stated</p><p>Other sources of fluoride: both communities had virtually no dental care or fluoride therapy</p><p>SES: similar socioeconomic status in both study areas (reported by authors)</p><p>Ethnicity: similar ethnicity in both study areas (reported by authors)</p><p>Residential history: lifetime residents</p><p>Other confounding factors: areas similar in nutrition and dietary habits (reported by authors); temperature 27 °C to 32 °C</p>,<p>All natural fluoridation<br />Group 1: 3.7 ppm<br />Group 2: 0.62 ppm</p>,<p>Outcome: fluorosis prevalence (Deans Index); caries data collected but not presented in this review due to study design</p><p>Age at assessment: 12 to 13 years</p>,<p>Not stated</p>,,
Grobler 2001,2001,PUB,24007163,"<p><b>FLUOROSIS STUDY</b></p><p>Country of study: South Africa</p><p>Geographic location: Leeu Gamka, Kuboes and Sanddrif</p><p>Year of study: not stated</p><p>Year of change in fluoridation status: NA</p><p>Study design: cross-sectional</p>","<p>Inclusion criteria: continuous residence since birth; having virtually no dental care or fluoride therapy including the use of fluoride-containing toothpaste; absence of any obvious under-nutrition and no dietary habits that could significantly contribute to the ingestion of fluorine</p><p>Exclusion criteria: not stated</p><p>Other sources of fluoride: participants had virtually no dental care or fluoride therapy, including the use of fluoride-containing toothpaste</p><p>SES: similarly low socioeconomic status across groups reflected in the fact that they all lived in subeconomic housing units</p><p>Ethnicity: mixed ethnic origin from Khoi, Caucasian and Negroid roots which over hundreds of years have developed into a homogeneous ethnic group</p><p>Residential history: lifetime residents</p><p>Other confounding factors: not stated</p>",<p>All natural fluoridation<br/>Group 1: 0.19 ppm<br/>Group 2: 0.48 ppm<br/>Group 3: 3 ppm</p>,<p>Outcome: fluorosis prevalence (Dean's Index); caries data also evaluated within the study but excluded from review due to study design</p><p>Age at assessment: 10 to 15 years</p>,<p>Not stated</p>,,
Guo 1984,1984,PUB,24007165,"<p><b>CARIES STUDY</b></p><p>Country of study: Taiwan</p><p>Geographic location: Group 1: Chung-Hsing New Village (F); Group 2: Tsao-Tun (non-F). Total population size of each location not stated</p><p>Year of study: 1971</p><p>Year study ended: 1981 </p><p>Year of change in fluoridation status: 1971</p><p>Study design: CBA. A different sample of children was assessed at baseline and end of study, according to age at the time of assessment. </p>",<p>Inclusion criteria: lifetime residents of study areas</p><p>Exclusion criteria: children who migrated from other areas during study period</p><p>Sample size at baseline: not stated</p><p>Sample size at final assessment: Group 1: 2995 children; Group 2: 4438 children</p><p>SES: not stated</p><p>Co-interventions: not stated</p><p>Ethnicity: not stated</p><p>Gender: equally balanced</p><p>Residential history: lifetime residents</p><p>Other: similar climate with mean daily air temperature of 24 °C</p>,<p><b>Initiation of water fluoridation</b></p><p>Group 1 baseline: 0.07 ppm (natural fluoridation)<br />Group 1 post-intervention: 0.6 ppm (artificial fluoridation)<br />Group 2: 0.08 ppm (natural fluoridation)</p>,"<p>dmft, DMFT, % caries-free (primary), % caries-free (permanent)</p><p>Age at baseline assessment: 5, 8, 12 and 15 years</p><p>Age at final assessment: 5, 8, 12 and 15 years</p>",<p>Not stated</p>,"<p>See <a type=""TABLE"" href=""432800047565131527"">Table 7</a> for ROBINS-I assessment</p><p><b>Confounding.</b> Study assessed as at critical risk for confounding due to lack of details regarding SES. No further assessment.</p><p><b>Classification of interventions.</b> Intervention status classified correctly</p><p><b>Selection of participants into the study/analysis.</b> All children studied were either born in the area or had continuous residence</p><p><b>Deviations from intended interventions.</b> No  deviations from intended intervention</p><p><b>Missing data.</b> Unclear</p><p><b>Measurement of the outcome.</b> Insufficient information regarding blinding; examiners likely to know fluoridation status </p><p><b>Selection of the reported result. </b>No apparent selection of reporting</p>","<p>Data extracted from <a type=""STUDY"" href=""396493776692866241"">Guo 1984</a> differs from that presented in <a type=""REFERENCE"" href=""396493773947417054"">McDonagh 2000</a></p>"
Haavikko 1974,1974,PUB,24007167,<p><b>FLUOROSIS STUDY</b></p><p>Country of study: Finland</p><p>Geographic location: Espoo (low F); Elimaki (high F); Hanko (optimal F); Lohja (low F)</p><p>Year of study: 1969</p><p>Year of change in fluoridation status: NA</p><p>Study design: cross-sectional</p>,<p>Inclusion criteria: children who had been resident in study areas for the first 6 years of life; children aged 10 to 11 years</p><p>Exclusion criteria: none stated</p><p>Other sources of fluoride: not stated</p><p>SES: not stated</p><p>Ethnicity: not stated</p><p>Residential history: continuous residence for the first 6 years</p><p>Other confounding factors: food sources of fluoride</p>,<p>All natural fluoridation<br/>Group 1: 1.08 ppm<br/>Group 2: 0.41 ppm<br/>Group 3: 0.11 ppm<br/>Group 4: 0.05 ppm</p>,<p>Dental fluorosis (Dean's Index)</p><p>Age at assessment: 10 to 11 years</p>,<p>Not stated</p>,,
Harding 2005,2005,PUB,24007169,<p><b>FLUOROSIS STUDY</b></p><p>Country of study: Ireland</p><p>Geographic location: Cork city (F); Cork county (non-F)</p><p>Year of study: not stated</p><p>Year of change in fluoridation status: NA</p><p>Study design: cross-sectional</p>,<p>Inclusion criteria: age 5 years; location of the school attended and fluoridation status of water supply</p><p>Exclusion criteria: absence on the day of examination; too apprehensive to participate or &lt; 5 years; incorrectly received a form; incomplete form; existing medical condition</p><p>Other sources of fluoride: fluoride prevalence of children with different nutritional and brushing habits were reported: breastfed = 30 (28%) vs not breastfed = 38 (21%); brushing before 12 months: F = 47 (22.6%) vs non-F = 19 (22.1%); started brushing with toothpaste between 12 and 18 months: F = 79 (38%) vs non-F = 25 (29.1%); started brushing with toothpaste between 19 and 24 months: F = 37 (17.8%) vs non-F = 21 (24.4%); started brushing with toothpaste after 24 months: F = 41 (19.7%) vs non-F = 18 (20.9%)</p><p>SES: schools were chosen to provide a socioeconomic spread; 7 urban and 10 rural schools</p><p>Ethnicity: not stated</p><p>Residential history: lifetime residents</p><p>Other confounding factors: food sources of fluoride</p>,<p>Group 1: 0.8 to 1 ppm (artificial fluoridation)<br />Group 2: 'low' level - ppm not stated (natural fluoridation)</p>,<p>Dental fluorosis (TSIF)</p><p>Age at assessment: 5 years</p>,<p>Not stated</p>,,
Hardwick 1982,1978,PUB,24007171,"<p><b>CARIES STUDY</b></p><p>Country of study: England</p><p>Geographic location: Group 1: Alsager, Middlewich, Nantwich (F), Group 2: Northwich (non-F). Total population size in each location not stated</p><p>Year study started: 1974</p><p>Year study ended: 1978</p><p>Year of change in fluoridation status: 1975</p><p>Study design: prospective cohort. The same cohort of children was followed from baseline to end of study</p>","<p>Inclusion criteria: 12-year-old children living in study area. Consent from relevant country authorities and teachers at schools included in the study</p><p>Exclusion criteria: none stated</p><p>Sample size at baseline: Group 1: 305 children; Group 2: 343 children</p><p>Sample size at final assessment: Group 1: 144 children; Group 2: 199 children</p><p>SES: control and experimental groups matched on urban and rural characteristics</p><p>Co-interventions: fluoridation group (n = 152): 142 (94%) used only fluoride dentifrices; 125 (83%) used at least once a day. Control group (n = 194): 185 (95%) used only fluoride dentifrices; 147 (76%) used at least once a day</p><p>Ethnicity: not stated</p><p>Gender: quote: ""close agreement between the two groups of children in...sex ratios...""</p><p>Residential history: not stated</p>",<p><b>Initiation of water fluoridation</b></p><p>Group 1 baseline: &lt; 0.1 ppm (natural fluoridation)<br/>Group 1 post intervention: 1.0 ppm (artificial fluoridation)<br/>Group 2: &lt; 0.1 ppm (natural fluoridation)</p>,"<p>DMFT, DMFS</p><p>Age at baseline assessment: 12 years</p><p>Age at final assessment: 16 years</p>",<p>Not stated</p>,"<p>See <a type=""TABLE"" href=""432800047565131527"">Table 7</a> for ROBINS-I assessment</p><p><b>Confounding.</b> SES not accounted for in analysis. Non-fluoridated area comprised ""a mix of small urban and rural communities similar to those of the fluoridated area"".</p><p><b>Classification of interventions.</b> Intervention status classified correctly</p><p><b>Selection of participants into the study/analysis.</b> Census approach taken in order to obtain the required numbers for the study. All schools in the area were involved in the study. </p><p><b>Deviations from intended interventions.</b> No deviations from intended intervention</p><p><b>Missing data.</b> Baseline examination of 677 children (ns not reported by group). 343 children examined at 4th annual re-examination (199 non-F, 144 F), 49% attrition. One large school in the fluoridated area withdrew from the study due to exams and so two ""similar"" schools in the non-fluoridated area were withdrawn from the study.</p><p><b>Measurement of the outcome.</b> Dental examiner was blind to fluoridation status as central examination centre was used for assessment. Calibrated for clinical and radiographic assessment. </p><p><b>Selection of the reported result.</b> No apparent selection of reporting</p>",
Heifetz 1988,1988,PUB,24007173,<p><b>FLUOROSIS STUDY</b></p><p>Country of study: USA</p><p>Geographic location: 7 rural towns within 75 miles of each other in Illinois</p><p>Year of study: 1980 to 1985</p><p>Year of change in fluoridation status: NA</p><p>Study design: cross-sectional</p>,<p>Inclusion criteria: children aged 8 to 10 years and 13 to 15 years; continuous residence in study community</p><p>Exclusion criteria: not stated</p><p>Other sources of fluoride: food and drinks produced in fluoride areas</p><p>SES: study areas shared similar socioeconomic characteristics</p><p>Ethnicity: not stated</p><p>Residential history: continuous residence</p><p>Other confounding factors: not stated</p>,<p>All natural fluoridation<br />Group 1: 3.8 to 4.1 ppm<br />Group 2: 2.8 to 3.8 ppm<br />Group 3: 2.1 ppm<br />Group 4: 1.1 ppm</p>,<p>Dental fluorosis (TSIF); caries data also evaluated within the study but excluded from review due to study design</p><p>Age at assessment: 13 to 15 years</p>,<p>Not stated</p>,,
Heintze 1998,1998,PUB,24007175,"<p><b>FLUOROSIS STUDY</b></p><p>Country of study: Brazil</p><p>Geographic location: Garca (F); Itrapolis (non-F), São Paulo state</p><p>Year of study: 1995</p><p>Year of change in fluoridation status: 1973 and 1975</p><p>Study design: cross-sectional</p>","<p>Inclusion criteria: children aged 5 to 24 years; from all social strata; used tap water; took urine samples from all 3 daytime periods</p><p>Exclusion criteria: children that used tap water, otherwise not stated</p><p>Other sources of fluoride: children asked about use of toothpaste or mouth rinses containing fluoride. 98% used toothpaste containing fluoride and 16.5% used a fluoride mouth rinse daily or weekly</p><p>SES: cities similar in socioeconomic and socio-demographic conditions, children from all social strata included</p><p>Ethnicity: not stated</p><p>Residential history: not stated</p><p>Other confounding factors: Garca altitude = 526 m, mean temperature = 22 °C, population = 41,351; Itapolis: altitude = 491 m, mean temperature = 23 °C, population = 30,111</p>",<p>Group 1: 0.9 ppm (artificial fluoridation)<br/>Group 2: 0.02 ppm (natural fluoridation)</p>,<p>Dental fluorosis (TF Index)</p><p>Age at assessment: 5 to 24 years</p>,<p>Not stated</p>,,
Heller 1997,1997,PUB,24007177,<p><b>FLUOROSIS STUDY </b></p><p>Country of study: USA</p><p>Geographic location: national survey of oral health of US school children</p><p>Year of study: 1986</p><p>Year of change in fluoridation status: NA</p><p>Study design: cross-sectional</p>,"<p>Inclusion criteria: lifetime residents of study areas; aged 7 to 17 years; completion of survey by parents</p><p>Exclusion criteria: none stated</p><p>Other sources of fluoride: written questionnaire included question regarding child's use of fluoride drops, fluoride tablets, professional topical fluoride treatments and school fluoride rinses</p><p>SES: not stated</p><p>Ethnicity: not stated</p><p>Residential history: continuous residency</p><p>Other confounding factors: results standardised to age and sex distribution of US schoolchildren who participated in survey</p>",<p>Group 1: &gt; 1.2 ppm (natural fluoridation)<br />Group 2: 0.7 to 1.2 ppm (artificial fluoridation)<br />Group 3: 0.3 to 0.7 ppm (natural fluoridation)<br />Group 4: &lt; 0.3 ppm (natural fluoridation)</p>,<p>Dental fluorosis (Dean's Index); caries data also evaluated within the study but excluded from review due to study design</p><p>Age at assessment: 7 to 17 years</p>,<p>Not stated</p>,,
Hernandez-Montoya 2003,2003,PUB,24007179,<p><b>FLUOROSIS STUDY</b></p><p>Country of study: Mexico</p><p>Geographic location: not stated</p><p>Year of study started: 2001</p><p>Year of change in fluoridation status: NA</p><p>Study design: cross-sectional</p>,"<p>Inclusion criteria: having at least 1 year residence in the study area</p><p>Exclusion criteria: not stated</p><p>Other sources of fluoride: not stated</p><p>SES: not stated</p><p>Ethnicity: not stated</p><p>Residential history: ≥ 1 year residence in study area</p><p>Other confounding factors: in all study areas, parents reported the use of fluoride toothpaste</p>",<p>All natural fluoridation<br/>Group 1: 0.74 ppm<br/>Group 2: 1.3 ppm<br/>Group 3: 3.56 ppm<br/>Group 4: 4.07 ppm<br/>Group 5: 5.19 ppm<br/>Group 6: 5.57 ppm<br/>Group 7: 7.59 ppm</p>,<p>Dental fluorosis (Dean's Index); caries data also evaluated within the study but excluded from review due to study design</p><p>Age at assessment: 9 to 11 years</p>,"<p>Financial and logistical support from the Health Institute of the State of Aguascalientes, Institute Tecnologico de Aguascalientes and COSNET</p>",,
Holdcroft 1999,1999,PUB,24007181,"<p><b>CARIES STUDY</b></p><p>Country of study: England</p><p>Geographic location: north Birmingham and Sandwell (F), North Staffordshire, Herefordshire and Shropshire (non-F)</p><p>Year study started: 1985/6</p><p>Year of change in fluoridation status: 1986</p><p>Study design: CBA</p>",<p>Inclusion criteria: not stated</p><p>Exclusion criteria: not stated</p><p>SES: measured using Jarman scores</p><p>Co-interventions: not stated</p><p>Ethnicity: not stated</p><p>Gender: N/A</p><p>Residential history: not stated</p>,<p><b>Initiation of water fluoridation</b><br/>Group 1: not stated<br/>Group 2: not stated</p>,<p>dmft</p><p>Age at baseline assessment: not stated</p><p>Age at final assessment: not stated</p>,<p>Not stated</p>,"<p>We could not conduct a complete assessment of the risk of bias because we did not have the full text. Judgements on risk of bias due to missing data (as reported in the main text and&nbsp;<a type=""TABLE"" href=""432800047565131527"">Table 7</a>) have been taken from&nbsp;<a type=""REFERENCE"" href=""396493773947417054"">McDonagh 2000</a>.</p>","<p>Data from original <a type=""REFERENCE"" href=""396493773947417054"">McDonagh 2000</a>; unable to obtain original unpublished study (unverified data)</p>"
Hong 1990,1990,PUB,24007183,<p><b>FLUOROSIS STUDY</b></p><p>Country of study: Taiwan</p><p>Geographic location: Chung-hsing New village (F) and Tsao-tun (non-F)</p><p>Year of study: not stated</p><p>Year of change in fluoridation status: 1978</p><p>Study design: cross-sectional</p>,"<p>Inclusion criteria: children aged 6 to 15 years: resident in village since initiation of fluoridation</p><p>Exclusion criteria: children who migrated from other areas during study period</p><p>Other sources of fluoride: not stated</p><p>SES: 2 communities alike in social and living customs</p><p>Ethnicity: not stated</p><p>Residential history: resident since fluoride initiation</p><p>Other confounding factors: 2 areas have virtually identical climates, only 3 km apart</p>",<p>Group 1: 0.6 ppm (artificial fluoridation)<br />Group 2: 0.08 ppm (natural fluoridation)</p>,<p>Dental fluorosis (Dean's Index)</p><p>Age at assessment: 6 to 15 years</p>,<p>Not stated</p>,,
Ibrahim 1995,1995,PUB,24007185,<p><b>FLUOROSIS STUDY</b></p><p>Country of study: Sudan</p><p>Geographic location: Abu Gronn (F); Treit El Biga (low F)</p><p>Year of study: 1992</p><p>Year of change in fluoridation status: NA</p><p>Study design: cross-sectional</p>,"<p>Inclusion criteria: at least 1 erupted permanent maxillary incisor; lifetime residents of study areas; age 7 to 16 years</p><p>Exclusion criteria: not stated</p><p>Other sources of fluoride: not stated</p><p>SES: author stated that areas had more or less the same socioeconomic background</p><p>Ethnicity: author stated that areas had more or less the same ethnic background</p><p>Residential history: lifetime residents</p><p>Other confounding factors: altitude = 300 m for both areas; mean temperature = 25 °C to 35 °C. In low F area, boys had significantly more fluorosis than girls</p>",<p>All natural fluoridation<br/>Group 1: 2.56 ppm<br/>Group 2: 0.25 ppm</p>,<p>Dental fluorosis (CFI)</p><p>Age at assessment: 7 to 16 years</p>,<p>Norwegian Universities Committee for Development Research and Education</p>,,"<p>Data extracted from <a type=""STUDY"" href=""396493777278759257"">Ibrahim 1995</a> differs from that presented in <a type=""REFERENCE"" href=""396493773947417054"">McDonagh 2000</a></p>"
Indermitte 2007,2007,PUB,24007187,<p><b>FLUOROSIS STUDY</b></p><p>Country of study: Estonia</p><p>Geographic location: Tartu city</p><p>Year of study: not stated</p><p>Year of change in fluoridation status: NA</p><p>Study design: cross-sectional</p>,"<p>Inclusion criteria: 12-year-old children; continuous residence; only districts supplied by definite tube wells of known fluoride concentration were selected</p><p>Exclusion criteria: not stated</p><p>SES: selected districts were of same eco-environmental, ethnic as well as socio-economic standards</p><p>Ethnicity: not stated</p><p>Residential history: lifetime residents</p><p>Other confounding factors: not stated</p>",<p>All natural fluoridation<br/>Group 1: 0.2 ppm<br/>Group 2: 0.3 ppm<br/>Group 3: 1.2 ppm<br/>Group 4: 1.6 ppm<br/>Group 5: 2.4 ppm<br/>Group 6 3.9 ppm</p>,<p>Dental fluorosis (index not reported)</p><p>Age at assessment: 12 years</p>,<p>The study was supported by the Target Funding Projects no. 0180052s07 and no. 0182648s04 of the Ministry of Education and Science of Estonia and by Estonian Society of Stomatololgy</p>,,
Indermitte 2009,2009,PUB,24007189,<p><b>FLUOROSIS STUDY</b></p><p>Country of study: Estonia</p><p>Geographic location: not stated</p><p>Year of study: not stated</p><p>Year of change in fluoridation status: NA</p><p>Study design: cross-sectional</p>,<p>Inclusion criteria: not stated</p><p>Exclusion criteria: not stated</p><p>Other sources of fluoride: not stated</p><p>SES: not stated</p><p>Ethnicity: not stated</p><p>Residential history: lifetime residents</p><p>Other confounding factors: not stated</p>,<p>All natural fluoridation<br />Group 1: &lt; 1 ppm<br />Group 2: 1 to 1.5 ppm<br />Group 3: 1.51 to 2 ppm<br />Group 4: 2.1 to 3 ppm<br />Group 5: 3.1 to 4 ppm<br />Group 6: &gt; 4 ppm</p>,<p>Dental fluorosis (Dean's Index)</p><p>Age at assessment: 7 to 15 years</p>,<p>The study was supported by the Estonian Society of Stomatology and Estonian Science Foundation grant number 7403</p>,,
Ismail 1990,1990,PUB,24007191,"<p><b>FLUOROSIS STUDY</b></p><p>Country of study: Canada</p><p>Geographic location: public and private schools in Trois Rivieres (F) and Sherbrooke (non-F), Quebec</p><p>Year of study: 1987</p><p>Year of change in fluoridation status: NA</p><p>Study design: cross-sectional</p>",<p>Inclusion criteria: children randomly selected from private and public schools separately; children aged 11 to 17 years; resident in study areas for first 6 years</p><p>Exclusion criteria: none stated</p><p>Other sources of fluoride: fluoride tablet use around 13% in F areas and 67% in non-F area</p><p>SES: stratified on school type: private or public (authors state private school likely to have been higher SES)</p><p>Ethnicity: not stated</p><p>Residential history: resident from 0 to 6 years</p><p>Other confounding factors: not stated</p>,<p>All natural fluoridation<br/>Group 1: 1.0 ppm<br/>Group 2: &lt; 0.1 ppm</p>,"<p>Dental fluorosis prevalence (TSIF); caries data collected, however, not presented in this review due to study design</p><p>Age at assessment: 11 to 17 years</p>","<p>National Health Research and Development Program, Health and Welfare (6605-1316-53)</p>",,
Jackson 1975,1975,PUB,24007193,<p><b>FLUOROSIS STUDY</b></p><p>Country of study: Wales</p><p>Geographic location: Anglesey (F); Bangor and Caernarfon (non-F)</p><p>Year of study: 1974</p><p>Year of change in fluoridation status: 1955</p><p>Study design: unclear</p>,<p>Inclusion criteria: lifetime residents of study areas; continuous use of public water supply; school children aged 15 years; parental consent</p><p>Exclusion criteria: children who had ever received fluoride tablets; left the study area; did not consume piped water supply for entire life; unavailable at time of sampling</p><p>Other sources of fluoride: children who had received fluoride tablets excluded</p><p>SES: not stated</p><p>Ethnicity: not stated</p><p>Residential history: lifetime residents</p><p>Other confounding factors: not stated</p>,<p>Group 1: 0.9 ppm (artificial fluoridation)<br/>Group 2: &lt; 0.1 ppm (natural fluoridation)</p>,"<p>Mottling; caries data collected, however, not presented in this review due to study design</p><p>Age at assessment: 15 years</p>",<p>Not stated</p>,,
Jackson 1999,1999,PUB,24007195,"<p><b>FLUOROSIS STUDY</b></p><p>Country of study: USA</p><p>Geographic location: Connersville (non-F); Brownsburg (optimal-F); Lowell (high-F), Indiana</p><p>Year of study: 1992</p><p>Year of change in fluoridation status: NA</p><p>Study design: cross-sectional</p>","<p>Inclusion criteria: lifetime residents of study areas; consumed public water from birth or supply with comparable water level; children aged 7 to 14 years; parental and personal consent</p><p>Exclusion criteria: factors in medical history that would contraindicate a dental examination; full mouth fixed orthodontic appliance</p><p>Other sources of fluoride: use of fluoride supplements: non-F areas = 58%; optimal-F area = 20%; high-F area = 9%. Also, fluoride from mouth rinses, gels, other topical applications</p><p>SES: not stated</p><p>Ethnicity: approximately 2% non-white (stated for baseline survey)</p><p>Residential history: lifetime residents</p><p>Other confounding factors: areas all in same climatic zone</p>",<p>All natural fluoridation<br/>Group 1: 4.0 ppm<br/>Group 2: 1.0 ppm<br/>Group 3: 0.2 ppm</p>,<p>Dental fluorosis (TSIF)</p><p>Age at assessment: 7 to 10 years and 11 to 14 years</p>,<p>Not stated</p>,,
Jolly 1971,1971,PUB,24007197,<p><b>FLUOROSIS STUDY</b></p><p>Country of study: India</p><p>Geographic location: the Punjab</p><p>Year of study: not stated</p><p>Year of change in fluoridation status: NA</p><p>Study design: cross-sectional</p>,<p>Inclusion criteria: school children</p><p>Exclusion criteria: none stated</p><p>Other sources of fluoride: not stated</p><p>SES: not stated</p><p>Ethnicity: not stated</p><p>Residential history: not stated</p><p>Other confounding factors: not stated</p>,<p>All naturally fluoridated<br/>Group 1: 0.7 ppm<br/>Group 2: 1.4 ppm<br/>Group 3: 2.4 ppm<br/>Group 4: 2.4 ppm<br/>Group 5: 2.5 ppm<br/>Group 6: 3.0 ppm<br/>Group 7: 3.0 ppm<br/>Group 8: 3.3 ppm<br/>Group 9: 3.3 ppm<br/>Group 10: 3.6 ppm<br/>Group 11: 4.3 ppm<br/>Group 12: 5.0 ppm<br/>Group 13: 5.09 ppm<br/>Group 14: 5.49 ppm<br/>Group 15: 7.02 ppm<br/>Group 16: 8.5 ppm<br/>Group 17: 9.5 ppm</p>,<p>Mottled enamel; skeletal fluorosis</p><p>Age at assessment: 5 to 15 years</p>,<p>Not stated</p>,,
Kanagaratnam 2009,2009,PUB,24007199,<p><b>FLUOROSIS STUDY</b></p><p>Country of study: New Zealand</p><p>Geographic location: Auckland</p><p>Year of study: not stated</p><p>Year of change in fluoridation status: not stated</p><p>Study design: cross-sectional</p>,"<p>Inclusion criteria: only children who returned signed consent form and questionnaire completed by parents</p><p>Exclusion criteria: schools with fewer than five 9-year-old children were excluded because of resource, time and efficiency constraints</p><p>Other sources of fluoride: data presented on fluoride tablet supplementation, brushing with toothpaste frequency, amount of toothpaste used and toothpaste swallowed, however, the use of other sources of fluoride had no effect on the proportion of children with diffuse opacities</p><p>SES: high (deciles 8 to 10) = 40% (F), 19% (non-F); middle (deciles 4 to 7) = 141% (F), 44% (non-F); low (deciles 1 to 3) = 19% (F), 37% (non-F) (a school's decile indicates the extent to which it includes students from low socioeconomic communities)</p><p>Ethnicity: more children of European descent and fewer children of Asian descent attended schools within non-fluoridated areas compared with fluoridated areas</p><p>Residential history: lifetime residents and intermittent residents, however, data on lifetime residents alone presented in this review due to confounding</p><p>Other confounding factors: not stated</p>",<p>Group 1: 0.1 to 0.3 ppm (natural fluoridation)<br />Group 2: 0.7 to 1 ppm (artificial fluoridation)</p>,"<p>Dental fluorosis (Dean's Index); caries data collected, however, not presented in this review due to study design</p><p>Age at assessment: 7 to 15 years</p>","<p>Funded by AUT University, Counties Manukau District Health Board and New Zealand Dental Research Foundation</p>",,<p>Fluoride concentrations were not reported in the study but deduced from discussion section and anecdotal evidence</p>
Kim 2019,2019,PUB,24007201,"<p><b>CARIES STUDY</b></p><p>Country of study: South Korea </p><p>Geographic location: Group 1: Hapcheon (F); Group 2: National (non-F). Total population sizes for each location not stated </p><p>Year study started: 2000</p><p>Year study ended: 2015</p><p>Year of change in fluoridation status: 2000</p><p>Study design: CBA. A different sample of children was assessed at baseline and end of study, according to age at the time of assessment. </p>","<p>Inclusion criteria: children aged 8, 10 and 12 in the intervention area (Hapcheon) attending 2 primary and 2 middle schools selected for study (reason for selection of each of the schools in unclear). For the control group, data were taken from the KNHANES survey for children aged 8, 10 and 12. </p><p>Sample size at baseline: Group 1: 671 children; Group 2: 3603 children</p><p>Sample size at final assessment: Group 1: 498 children; Group 2: 952 children</p><p>Exclusion criteria: none stated</p><p>SES: not stated </p><p>Co-interventions: there was a difference in the proportion of dental sealants placed in children across the groups. There was a greater proportion of sealants placed in the children in the intervention group at baseline compared with the national control group. </p><p>Ethnicity: not stated</p><p>Gender: distribution was broadly similar across groups </p><p>Residential history: not stated</p>",<p><b>Initiation of water fluoridation</b><br />Group 1: Community water fluoridation programme (ppm not reported; artificial fluoridation)<br />Group 2: low or no fluoride content (ppm not reported; natural fluoridation)</p>,"<p>% caries-free participants<br />Age at baseline assessment: 8, 10, 12 years (permanent dentition)<br />Age at final assessment: 8, 10, 12 years (permanent dentition)</p>",<p>Unfunded research </p>,"<p>See <a type=""TABLE"" href=""432800047565131527"">Table 7</a> for ROBINS-I assessment</p><p><b>Confounding.</b> Study assessed as at critical risk for confounding due to lack of details regarding SES. No further assessment.</p><p><b>Classification of interventions.</b> Intervention status classified correctly</p><p><b>Selection of participants into the study/analysis.</b> Eligible children attending 2 primary and 2 middle schools in the intervention area were included in the study; it is not clear how the schools were selected. National data was used for the control group.</p><p><b>Deviations from intended interventions.</b> No deviations from intended intervention reported</p><p><b>Missing data.</b> No apparent missing data though there are greater numbers at baseline, particularly in the control group. There are no data pertaining to the confounder. </p><p><b>Measurement of the outcome.</b> Insufficient information regarding blinding of assessors</p><p><b>Selection of the reported result. </b>No apparent selective reporting</p>",
Kotecha 2012,2012,PUB,24007203,<p><b>FLUOROSIS STUDY</b></p><p>Country of study: India</p><p>Geographic location: not stated</p><p>Year of study: not stated</p><p>Year of change in fluoridation status: NA</p><p>Study design: cross-sectional</p>,<p>Inclusion criteria: all age groups</p><p>Exclusion criteria: those who could not be studied in the second visit</p><p>Other sources of fluoride: not stated</p><p>SES: not stated</p><p>Ethnicity: not stated</p><p>Residential history: not stated</p><p>Other confounding factors: not stated</p>,<p>All natural fluoridation<br/>Group 1: &lt; 1.5 ppm<br/>Group 2: &gt; 1.5 ppm</p>,<p>Dental fluorosis (index not reported); caries data also evaluated within the study but excluded from review due to study design</p><p>Age at assessment: all age groups</p>,<p>Not stated</p>,,
Kumar 1999,1999,PUB,24007205,<p><b>FLUOROSIS STUDY</b></p><p>Country of study: USA</p><p>Geographic location: Newburgh City (F); Newburgh Town (F 1984); New Windsor (non-F); Kingston (non-F)</p><p>Year study started: 1986</p><p>Year study ended: 1995</p><p>Year of change in fluoridation status: 1984</p><p>Study design: CBA</p>,"<p>Inclusion criteria: children aged 7 to 14 years; lifetime residents of study areas</p><p>Exclusion criteria: not stated</p><p>Other sources of fluoride: fluoridation plus early brushing or tablet use, fluoride tablet plus early brushing, early brushing, and fluoride tablets all associated with an increased risk of fluorosis scored very mild to severe compared to children exposed to none of these additional sources</p><p>SES: not stated</p><p>Ethnicity: no difference in odds of fluorosis in African-Americans compared to white and other races</p><p>Residential history: lifetime residents</p><p>Other confounding factors: not stated</p>",<p>Group 1: 1 ppm (artificial fluoridation)</p><p>Group 2: 1 ppm (artificial fluoridation)</p><p>Group 3: 'low' level - ppm not stated (natural fluoridation)</p><p>Group 4: 'low' level - ppm not stated (natural fluoridation)</p><p>Group 5: 'low' level - ppm not stated (natural fluoridation)</p>,<p>Dental fluorosis (Dean's Index); caries data also evaluated within the study but excluded from review due to study design</p><p>Age at baseline measure: 7 to 14 years</p><p>Age at final measure: 7 to 14 years</p>,<p>Supported by a grant from the National Institute of Dental Research (R01 DE 1088801)</p>,,<p>Group 1 (Newburgh City) had been fluoridated since 1945; Group 2 (Newburgh Town) was fluoridated in 1984. Data for 1995 only were available for Group 5 (Ulster)</p>
Kumar 2007,2007,PUB,24007207,<p><b>FLUOROSIS STUDY</b></p><p>Country of study: India</p><p>Geographic location: not stated</p><p>Year study started: 1999 to 2000</p><p>Year of change in fluoridation status: NA</p><p>Study design: cross-sectional</p>,<p>Inclusion criteria: not stated</p><p>Exclusion criteria: not stated</p><p>Other sources of fluoride: not stated</p><p>SES: not stated</p><p>Ethnicity: not stated</p><p>Residential history: not stated</p><p>Other confounding factors: not stated</p>,<p>All natural fluoridation<br/>Group 1: 0.6 ppm<br/>Group 2: 1.1 ppm<br/>Group 3: 1.1 ppm<br/>Group 4: 1.1 ppm<br/>Group 5: 1.2 ppm<br/>Group 6: 1.3 ppm<br/>Group 7: 1.7 ppm<br/>Group 8: 1.7 ppm<br/>Group 9: 1.8 ppm<br/>Group 10: 1.9 ppm<br/>Group 11: 2.1 ppm<br/>Group 12: 2.9 ppm<br/>Group 13: 4.6 ppm</p>,<p>Dental fluorosis (Smith's classification)</p><p>Age at assessment: 5 to 14 years</p>,<p>Indian Council of Medical Research</p>,,
Kunzel 1976,1976,PUB,24007209,<p><b>FLUOROSIS STUDY</b></p><p>Country of study: Cuba</p><p>Geographic location: La Salud (low F); Mir (medium F); San Augustin and Blanqizal (high F)</p><p>Year of study: 1973</p><p>Year of change in fluoridation status: NA</p><p>Study design: cross-sectional</p>,"<p>Inclusion criteria: children resident in study areas</p><p>Exclusion criteria: not stated</p><p>Other sources of fluoride: not stated</p><p>SES: not stated</p><p>Ethnicity: not stated</p><p>Residential history: not stated however, most of the children were born in the area</p><p>Other confounding factors: not stated</p>",<p>All natural fluoridation<br />Group 1: 2.3 to 3.6 ppm<br />Group 2: 1.1 to 1.6 ppm<br />Group 3: 0.6 to 0.8 ppm<br />Group 4: 0.1 ppm</p>,<p>Dental fluorosis (Dean's Index); caries data also evaluated within the study but excluded from review due to study design</p><p>Age at assessment: 9 to 10 years</p>,<p>Not stated</p>,,
Kunzel 1997,1971,PUB,24007211,"<p><b>CARIES STUDY</b></p><p>Country of study: Germany</p><p>Geographic location: Group 1: Chemnitz (F), population size of 300,000 residents; Group 2: Plauen (non-F), population size of 95,000 residents</p><p>Year study started: 1959</p><p>Year study ended: 1971</p><p>Year of change in fluoridation status: 1959</p><p>Study design: CBA</p>","<p>Inclusion criteria: children born in study areas</p><p>Exclusion criteria: children who had moved into the 2 study areas; disabled children</p><p>Sample size at baseline: Group 1: 17,906 children; Group 2: 5241 children</p><p>Sample size at final assessment (1971): 24,317 children; Group 2: 8882 children</p><p>SES: not stated</p><p>Co-interventions: number of topical applications of fluoride toothpastes; solutions and gel was low - water fluoridation was the only preventive measure.</p><p>Ethnicity: not stated</p><p>Gender: not stated</p><p>Residential history: lifetime residents</p><p>Other: increasing annual sugar consumption in both areas</p>",<p><b>Initiation of water fluoridation</b></p><p>Group 1 baseline: 0.2 ppm (natural fluoridation)<br/>Group 1 post intervention: 1 ppm (artificial fluoridation)<br/>Group 2: 0.2 ppm (natural fluoridation)</p>,"<p>dmft, DMFT, % caries-free (primary dentition), % caries-free (permanent dentition)</p><p>Age at baseline assessment: 6 to 15 years</p><p>Age at final assessment: 6 to 15 years</p>","<p>Supported by the German Federal Ministry of Education, Science, Research and Technology, grant 01 ZZ 9502</p>","<p>See <a type=""TABLE"" href=""432800047565131527"">Table 7</a> for ROBINS-I assessment</p><p><b>Confounding.</b> Study assessed as at critical risk for confounding due to lack of details regarding SES. No further assessment</p><p><b>Classification of interventions. </b>Intervention status classified correctly</p><p><b>Selection of participants into the study/analysis.</b> School children born in either of the two study areas.</p><p><b>Deviations from intended interventions.</b> There were deviations from the intervention reported in the paper but not covering the time period of the data extracted for this review. Fluoride concentration was suboptimal for 1973-1977, and was switched off due to technical error for 22 months in 1971. Only data up to 1971 have been used in this review and the dose is reported to be stable for this period (1959-1971).</p><p><b>Missing data.</b> Unclear</p><p><b>Measurement of the outcome. </b>Examinations took place in schoolrooms; examiners likely to know fluoridation status</p><p><b>Selection of the reported result.</b> No apparent selection of reporting</p>","<p>Data extracted from <a type=""STUDY"" href=""396493778064930656"">Kunzel 1997</a> differs from that presented in <a type=""REFERENCE"" href=""396493773947417054"">McDonagh 2000</a> (additional data extracted)</p><p>Study presents data on both initiation and cessation of water fluoridation, but cessation data excluded from this review due to unsuitable control group. Data for Period 1 (1959 to 1971) used; fluoridation interrupted/suboptimal post 1971.</p>"
Leverett 1986,1986,PUB,24007213,"<p><b>FLUOROSIS STUDY</b></p><p>Country of study: USA</p><p>Geographic location: Rochester, NY and several surrounding towns (F); 4 towns in western New York state (non-F)</p><p>Year of study: 1981</p><p>Year of change in fluoridation status: 1963</p><p>Study design: cross-sectional</p>","<p>Inclusion criteria: children resident in study areas; children aged 7 to 17 years</p><p>Exclusion criteria: none stated</p><p>Other sources of fluoride: not stated</p><p>SES: not stated</p><p>Ethnicity: not stated</p><p>Residential history: children in both non-F and F areas were ""not necessarily lifetime residents of their communities""</p><p>Other confounding factors: none stated</p>",<p>Group 1: 1.0 ppm (artificial fluoridation)<br />Group 2: ≤ 0.3 ppm (natural fluoridation)</p>,<p>Dental fluorosis (Dean’s Index)</p><p>Age at assessment: 7 to 17 years</p>,<p>Not stated</p>,,
Levine 1989,1989,PUB,24007215,<p><b>FLUOROSIS STUDY</b></p><p>Country of study: England</p><p>Geographic location: Birmingham (F); Leeds (non-F)</p><p>Year of study: 1987</p><p>Year of change in fluoridation status: NA</p><p>Study design: cross-sectional</p>,"<p>Inclusion criteria: lifetime residents of study areas (children only); schools with catchment areas inside study areas; children aged 9 to 10 years</p><p>Exclusion criteria: Asian and West Indian children; non-continuous residents; teeth with fractures or restorations; children who had received fluoride supplements at any time</p><p>Other sources of fluoride: children who had received fluoride supplements at any time excluded</p><p>SES: schools selected that served similar socioeconomic populations (social class groups 3, 4, 5)</p><p>Ethnicity: Asian and West Indian children excluded</p><p>Residential history: lifetime residents</p><p>Other confounding factors: not stated</p>",<p>Group 1: 1 ppm (artificial fluoridation)<br/>Group 2: &lt; 0.1 ppm (natural fluoridation)</p>,<p>Enamel defect-hypoplasia (TSIF)</p><p>Age at assessment: 9 to 10 years</p>,<p>Not stated</p>,,"<p>Data extracted from <a type=""STUDY"" href=""396493778201507951"">Levine 1989</a> differs from that presented in <a type=""REFERENCE"" href=""396493773947417054"">McDonagh 2000</a></p>"
Lin 1991,1991,PUB,24007217,<p><b>FLUOROSIS STUDY</b></p><p>Country of study: China</p><p>Geographic location: Xinyuan (F); Langan and Jiayi (non-F)</p><p>Year of study: not stated</p><p>Year of change in fluoridation status: NA</p><p>Study design: cross-sectional</p>,"<p>Inclusion criteria: school children aged 7 to 14 years</p><p>Exclusion criteria: not stated</p><p>Other sources of fluoride: not stated</p><p>SES: low SES, mean annual income of about 200 yuan</p><p>Ethnicity: not stated</p><p>Residential history: not reported</p><p>Other confounding factors: not stated</p>",<p>All natural fluoridation<br/>Group 1: 0.88 ppm<br/>Group 2: 0.34 ppm</p>,<p>Dental fluorosis</p><p>Age at assessment: 7 to 14 years</p>,<p>Not stated</p>,,
Loh 1996,1996,PUB,24007219,"<p><b>CARIES STUDY</b></p><p>Country of study: Singapore and West Malaysia</p><p>Geographic location: Singapore (F), population size approximately 2.9 million residents; Malacca (non-F), town in West Malaysia, population size not stated</p><p>Year study started: 1957</p><p>Year study ended: 1966</p><p>Year of change in fluoridation status: 1958</p><p>Study design: CBA. A different sample of children was assessed at baseline and end of study, according to age at the time of assessment. </p>","<p>Inclusion criteria: Chinese and Malay children aged 7 to 9 years</p><p>Exclusion criteria: not stated</p><p>Sample size at baseline: overall, approximately 2200 children (not reported by group)</p><p>Sample size at final assessment: overall, approximately 2200 children (not reported by group)</p><p>SES: not stated</p><p>Co-interventions: not stated</p><p>Ethnicity: Chinese and Malay children - results presented separately</p><p>Gender: not stated</p><p>Residential history: unclear</p>",<p><b>Initiation of water fluoridation</b><br/>Group 1: 0.7 ppm (artificial fluoridation)<br/>Group 2: 'low' level - ppm not stated (natural fluoridation)</p>,<p>DMFT</p><p>Age at baseline assessment: 7 to 9 years</p><p>Age at final assessment: 7 to 9 years</p>,<p>Not stated</p>,"<p>See <a type=""TABLE"" href=""432800047565131527"">Table 7</a> for ROBINS-I assessment</p><p><b>Confounding.</b> Study assessed as at critical risk for confounding due to lack of details regarding SES. No further assessment.</p><p><b>Classification of interventions.</b> Intervention status classified correctly for SIngapore; limited information on fluoridation status for Malacca (Malyasia)</p><p><b>Selection of participants into the study/analysis.</b> Insufficient detail reported in order to determine how selection of schools and children within those schools took place</p><p><b>Deviations from intended interventions.</b> It is reported in the paper that due to technical issues there was variation in the dosing of fluoride in the water in the 'earlier years'. It is not reported what the variation range was or for how long this lasted</p><p><b>Missing data. </b>Unclear</p><p><b>Measurement of the outcome.</b> Examinations took place in mobile dental clinics in each country; examiners likely to know fluoridation status</p><p><b>Selection of the reported result.</b> No apparent selection of reporting</p>",
Louw 2002,2002,PUB,24007221,"<p><b>FLUOROSIS STUDY</b></p><p>Country of study: South Africa</p><p>Geographic location: Sanddrif, Williston, Kuboes, Fraserburg, Brandvlei, Kenhardt, and Leeu Gamka</p><p>Year of study: not stated</p><p>Year of change in fluoridation status: NA</p><p>Study design: cross-sectional</p>","<p>Inclusion criteria: aged 11 to 13 years, similar nutrition and dietary habits, similar ethnic and SES</p><p>Exclusion criteria: not stated</p><p>Other sources of fluoride: no dental care or fluoride therapy, including the use of fluoride-containing toothpaste</p><p>SES: similarly low SES reflected in living in sub-economic housing units</p><p>Ethnicity: mixed with Khoi, Caucasian and Negroid roots that developed into a homogeneous ethnic group</p><p>Residential history: lifetime residents</p><p>Other confounding factors: similar nutrition and dietary habits - mostly bread and potatoes with sporadic intake of vegetables and meat, all located in arid rural sections of South Africa</p>",<p>All natural fluoridation<br/>Group 1: 0.19 ppm<br/>Group 2: 0.36 ppm<br/>Group 3: 0.48 ppm<br/>Group 4: 1 ppm<br/>Group 5: 1.66 ppm<br/>Group 6: 2.64 ppm<br/>Group 7: 3 ppm</p>,<p>Dental fluorosis prevalence (Dean's Index)</p><p>Age at assessment: 11 to 13 years</p>,<p>Not stated</p>,,
Machiulskiene 2009,2009,PUB,24007223,<p><b>FLUOROSIS STUDY</b></p><p>Country of study: Lithuania</p><p>Geographic location: Vilkaviskis and Jonuciai</p><p>Year of study: 2004</p><p>Year of change in fluoridation status: NA</p><p>Study design: cross-sectional</p>,"<p>Inclusion criteria: never having taken part in any caries preventive programme; lifetime residency in the area; informed consent to participate</p><p>Exclusion criteria: 1 school in Vilkaviskis was not eligible to participate in the study as a result of current caries prevention programmes, involving fluoride rinses and fissure sealants; tooth surfaces from which recordings could not be made because of the presence of fixed orthodontic appliances</p><p>Other sources of fluoride: not stated</p><p>SES: children affected by parental unemployment: 1.1 ppm fluoride group = 39%; 0.3ppm fluoride group = 23%. More children in the 1.1 ppm fluoride group reported parental unemployment, however, the 2 towns were initially considered similar from a socioeconomic point of view</p><p>Ethnicity: not stated</p><p>Residential history: lifetime residents</p><p>Other confounding factors: not stated</p>",<p>All natural fluoridation<br/>Group 1: 0.3 ppm<br/>Group 2: 1.1 ppm</p>,<p>Dental fluorosis (TF Index); caries data also evaluated within the study but excluded from review due to study design</p><p>Age at assessment: 13 years (mean)</p>,<p>Funded by Unrestricted grant from Colgate Palmolive (USA)</p>,,
Mackay 2005,2005,PUB,24007225,<p><b>FLUOROSIS STUDY</b></p><p>Country of study: New Zealand</p><p>Geographic location: not stated</p><p>Year of study: 2002</p><p>Year of change in fluoridation status: not stated</p><p>Study design: cross-sectional</p>,"<p>Inclusion criteria: not stated</p><p>Exclusion criteria: not stated</p><p>Other sources of fluoride: ingestion of toothpaste before the age of 3 years = 40%; use of fluoride tablets up to (and including) age 3 years = 49 (11.2%)</p><p>Ethnicity: not stated</p><p>SES: high SES school (deciles 8 to 10) = 192 (44%); medium SES school (deciles 4 to 7) = 121 (27.8%); low SES school (deciles 1 to 3) = 128 (28.2%)</p><p>Residential history: the study included both continuous and intermittent residents, however, only data from continuous residents included in analysis</p><p>Other confounding factors: not stated</p>",<p>Group 1: 0.1 to 0.3 ppm (natural fluoridation)<br />Group 2: 0.8 ppm (artificial fluoridation)</p>,<p>Enamel defects (DDE); caries data also evaluated within the study but excluded from review due to study design</p><p>Age at assessment: 8.7 to 11.1 years</p>,<p>New Zealand Dental Research Foundation</p>,,<p>Fluoride concentration deduced from discussion section and anecdotal evidence</p>
Macpherson 2007,2007,PUB,24007227,<p><b>FLUOROSIS STUDY</b></p><p>Country of study: Sweden</p><p>Geographic location: Kungsbacken (F); Halmsted (non-F)</p><p>Year of study: 2002 to 2003</p><p>Year of change in fluoridation status: NA</p><p>Study design: cross-sectional</p>,"<p>Inclusion criteria: presence of 2 individual anterior labial-view photographs of any upper anterior teeth present; similar date of birth (difference in age due to undertaking fieldwork in study areas a year apart)</p><p>Exclusion criteria: not stated</p><p>Other sources of fluoride</p><ul><li>Age at which started brushing: 6 to 12 months vs 12 months (P = 0.99)</li><li>Frequency of brushing: ≤ 1/day vs ≥ 2/day (P = 0.42)</li><li>Toothpaste F &lt; 1000 ppm vs ≥ 1000 ppm (P = 0.49)</li><li>Amount of toothpaste ≤ pea size vs &gt; pea size (P = 0.09)</li><li>Fluoride tablets previously: 'No' vs 'Yes' (P = 0.001)</li><li>Fluoride tablets now: 'No' vs 'Yes' (P = 0.001)</li></ul><p>Ethnicity: not stated</p><p>SES: low education: F = 47, non-F = 56; high education: F = 64, non-F = 73. Both groups were similar with respect to parents’ education attainment (P = 0.87)</p><p>Residential history: children from Kungsbacka were generally exposed to fluoridated water in early childhood, while those from Halmstad were not exposed to fluoridated water during infancy (discussion section)</p><p>Other confounding factors: not stated</p>",<p>All natural fluoridation<br/>Group 1: 0.1 ppm<br/>Group 2: 1.3 ppm</p>,<p>Dental fluorosis (TF Index; photographic assessment)</p><p>Age at assessment: 7 to 10 years</p>,<p>Not stated</p>,,
Mandinic 2009,2009,PUB,24007229,<p><b>FLUOROSIS STUDY</b></p><p>Country of study: Serbia</p><p>Geographic location: Valjevo and Vranjska Banja</p><p>Year of study: not stated</p><p>Year of change in fluoridation status: NA</p><p>Study design: cross-sectional</p>,"<p>Inclusion criteria: not stated</p><p>Exclusion criteria: not stated</p><p>Other sources of fluoride: used the fluoride concentration database and consumption database to determine fluoride exposure</p><p>Ethnicity: not stated</p><p>SES: not stated</p><p>Residential history: used the fluoride concentration database and consumption database to determine fluoride exposure</p><p>Other confounding factors: dietary sources of fluoride – potato, beans</p>",<p>All natural fluoridation<br/>Group 1: 0.1 ppm<br/>Group 2: 11 ppm</p>,<p>Dental fluorosis (Dean's Index)</p><p>Age at assessment: 12 years</p>,<p>Not stated</p>,,
Mandinic 2010,2010,PUB,24007231,"<p><b>FLUOROSIS STUDY</b><br/>Country of study: Serbia<br/>Geographic location: Valjevo, Veliko Gradiste, Kacarevo and Vranjska Banja<br/>Year of study: 2006<br/>Year of change in fluoridation status: NA<br/>Study design: cross-sectional</p>","<p>Inclusion criteria: healthy 12-year-old school children, both genders, lifetime residents of the same municipality</p><p>Exclusion criteria: not stated</p><p>Other sources of fluoride: not stated</p><p>SES: not stated</p><p>Ethnicity: not stated</p><p>Residential history: lifetime residents</p><p>Other confounding factors: there were no additional sources of exposure, i.e. industries that could pollute the environment by fluoride emission</p>",<p>All natural fluoridation</p><p>Wells</p><p>Group 1: 0.79 ppm</p><p>Group 2: 0.1 ppm</p><p>Group 3: 0.15 ppm</p><p>Group 4: 11 ppm</p><p>Tap water</p><p>Group 1: 0.17 ppm</p><p>Group 2: 0.07 ppm</p><p>Group 3: 0.1 ppm</p><p>Group 4: 0.15 ppm</p>,<p>Dental fluorosis (Dean's Index)</p><p>Age at assessment: 12 years</p>,<p>Ministry of Science and Technological Development of the Republic of Serbia</p>,,
Marya 2010,2010,PUB,24007233,<p><b>FLUOROSIS STUDY</b></p><p>Country of study: India</p><p>Geographic location: 30 villages from district Gurgaon and district Hissar</p><p>Year of study: not stated</p><p>Year of change in fluoridation status: NA</p><p>Study design: cross-sectional</p>,"<p>Inclusion criteria: only continuous residents; selected individuals had to have all their permanent teeth (except third molars) erupted</p><p>Exclusion criteria: not stated</p><p>Other sources of fluoride: not stated</p><p>Ethnicity: not stated</p><p>SES: environmental factors such as eating habits, nutritional status, consumption of water<b>, </b>living conditions were almost uniform in all 7 groups studied</p><p>Residential history: continuous residents</p><p>Other confounding factors: not stated</p>",<p>All natural fluoridation<br/>Group 1: 0.5 ppm<br/>Group 2: 0.87 ppm<br/>Group 3: 1.51 ppm<br/>Group 4: 2.45 ppm<br/>Group 5: 5.27 ppm<br/>Group 6: 8.5 ppm</p>,<p>Dental fluorosis (Dean's Index)</p><p>Age at assessment: 12 to 16 years</p>,<p>Not stated</p>,,
Masztalerz 1990,1990,PUB,24007236,"<p><b>FLUOROSIS STUDY</b></p><p>Country of study: Poland</p><p>Geographic location: Neisse (high-F), Breslau (F), Militsch and Gryfόw (non-F)</p><p>Year of study: not stated</p><p>Year of change in fluoridation status: not stated</p><p>Study design: cross-sectional</p>",<p>Inclusion criteria: none stated</p><p>Exclusion criteria: children who were not lifetime residents and had those who did not yet have permanent canine teeth</p><p>Other sources of fluoride: not stated</p><p>SES: not stated</p><p>Ethnicity: not stated</p><p>Residential history: lifelong residents</p><p>Other confounding factors: fluoride in the air was high in Greifenberg</p>,"<p>Appeared to be natural fluoridation, however this was not clear<br />Group 1: 4 to 7 ppm<br />Group 2: 0.7 to 0.9 ppm<br />Group 3: &lt; 0.2 ppm</p>",<p>Dental fluorosis (index unclear)</p><p>Age at time of measurement: 12 years</p>,<p>Not stated</p>,,<p>Paper translated from German</p>
Maupome 2001,2001,PUB,24007238,"<p><b>CARIES STUDY</b></p><p>Country of study: Canada</p><p>Geographic location: Group 1: Comox-Courtenay and Campbell River, British Columbia; Group 2: Kamloops, British Columbia. Total population sizes in each location not stated</p><p>Year study started: 1993 to 1994</p><p>Year study ended: 1996 to 1997</p><p>Year of change in fluoridation status: 1992</p><p>Study design: CBA. A different sample of children was assessed at baseline and end of study, according to age (school grade) at the time of assessment. </p>","<p>Inclusion criteria: not stated</p><p>Exclusion criteria: not stated</p><p>Sample size at baseline: Group 1: 3184 children; Group 2: 2743 children</p><p>Sample size at final assessment: Group 1: 2211 children; Group 2: 1719 children</p><p>SES: participants showed similar SES at baseline</p><p>Co-interventions: data on oral hygiene and exposure to diverse fluoride technologies were collected but not reported. However, the study authors stated that British Columbia had relatively homogeneous exposure to fluorides, widespread use of fluoride toothpastes. Good adherence to oral hygiene regimens and good access to oral health care</p><p>Ethnicity: not stated</p><p>Gender: not stated</p><p>Residential history: information about the regression analysis suggests that both lifetime and non-lifetime residents might have been included.</p>",<p><b>Fluoride cessation</b></p><p>Group 1: 'optimal' level - ppm not stated (artificial fluoridation) to non-fluoridated<br/>Group 2: 'optimal' level - ppm not stated (artificial fluoridation)</p>,"<p>DMFS</p><p>Age at baseline assessment: Grades 2, 3, 8 and 9</p><p>Age at final assessment: Grades 2, 3, 8 and 9</p>",<p>NHRDP operating grant 6610-2225-002 supported this study</p>,"<p>See <a type=""TABLE"" href=""432800047565131527"">Table 7</a> for ROBINS-I assessment</p><p><b>Confounding.</b> SES measured through questionnaire response indicated that children ""showed similar SES""; no further details provided </p><p><b>Classification of interventions.</b> Intervention status classified correctly</p><p><b>Selection of participants into the study/analysis.</b> Study was a multi-site study and also both a repeated cross-sectional prevalence survey and a longitudinal investigation. All children and adolescents in specified communities and grades were invited to participate. Almost 90% of eligible children were examined at baseline (negative consent). There were substantial baseline imbalances in caries measures between areas being compared</p><p><b>Deviations from intended interventions.</b> No reported deviations from intended intervention</p><p><b>Missing data.</b> About 90% of all eligible children were examined at baseline; 64.2% at follow-up with variation across groups. Data on SES (parental educational attainment of head of household) was only available for 3022 participants</p><p><b>Measurement of the outcome.</b> Used different examiners for different study sites who where not blinded to fluoridation status</p><p><b>Selection of the reported result.</b> No apparent selection of reporting</p>",
Mazzotti 1939,1939,PUB,24007240,"<p><b>FLUOROSIS STUDY</b></p><p>Country of study: Mexico</p><p>Geographic location: all areas in Mexico, 11 states, 107 cities</p><p>Year of study: 1938</p><p>Year of change in fluoridation status: NA</p><p>Study design: cross-sectional</p>",<p>Inclusion criteria: not stated</p><p>Exclusion criteria: not stated</p><p>Other sources of fluoride: not stated</p><p>SES: not stated</p><p>Ethnicity: not stated</p><p>Residential history: not stated</p><p>Other confounding factors: not stated</p>,<p>Groups: 0-4 unclear ppm</p>,<p>Dental fluorosis (index unclear)</p><p>Age at assessment: not stated</p>,<p>Not stated</p>,,<p>Paper translated from Spanish</p>
McGrady 2012,2012,PUB,24007242,<p><b>FLUOROSIS STUDY</b></p><p>Country of study: Thailand</p><p>Geographic location: Chiang Mai</p><p>Year of study: 2007</p><p>Year study ended: not stated</p><p>Year of change in fluoridation status: NA</p><p>Study design: cross-sectional</p>,<p>Inclusion criteria: lifelong residency; good general health with both maxillary incisors fully erupted; free from fixed orthodontic appliances</p><p>Exclusion criteria: non-lifetime residents; unsuitable dentition</p><p>Other sources of fluoride:</p><ul><li>Non-fluorosed breast and formula: 88/305 (28.8%)</li><li>Formula only: 14/57 (24.6%)</li><li>F content paste: &lt; 1000 ppm = 13/59 (22%); 1000 ppm F = 150/501 (29.9%)</li><li>Toothbrushing frequency: once/day = 45/130 (34.6%); twice/day = 99/360 (27.5%); &gt; 3 times/day =19/70 (27.1%)</li><li>Age toothbrushing started: 4 years+ = 20/76 (26.3%); 3 to 4 years = 43/138 (31.2%); 2 to 3 years = 48/178 (27%); 1 to 2 years = 35/126 (27.8%); 0 to 1 year = 8/23 (34.8%)</li></ul><p>Ethnicity: not stated</p><p>SES: not stated</p><p>Residential history: continuous residents</p><p>Other confounding factors: not stated</p>,<p>All natural fluoridation<br />Group 1: &lt; 0.2 ppm<br />Group 2: 0.2 to 0.59 ppm<br />Group 3: 0.6  to 0.89 ppm<br />Group 4: ≥ 0.9 ppm</p>,<p>Dental fluorosis (TF Index)</p><p>Age at assessment: 8 to 13 years</p>,<p>1 study author was funded by a Clinician Scientist Award from the NIHR (UK). The Colgate Palmolive Dental Health Unit was funded by an unrestricted grant from Colgate Palmolive</p><p>Possible conflicts of interest: 1 study author (RPE) is an employee of a manufacturer of oral care products</p>,,<p> </p>
McInnes 1982,1982,PUB,24007245,<p><b>FLUOROSIS STUDY</b></p><p>Country of study: South Africa</p><p>Geographic location: Kenhardt (F); Keimoes (non-F); North-western Cape Province</p><p>Year of study: not stated</p><p>Year of change in fluoridation status: NA</p><p>Study design: cross-sectional</p>,<p>Inclusion criteria: lifetime residents of study area; pre-school children aged 1 to 5 years</p><p>Exclusion criteria: none stated</p><p>Other sources of fluoride: the majority of babies were breastfed so would not be exposed to fluoride from water used in preparation of infant formula.</p><p>SES: reported as being the same across groups; experimental and control groups reported as being similar (parents were land or railway labourers)</p><p>Ethnicity: all children same ethnic origin i.e. European-African-Malay origin</p><p>Residential history: lifetime residents</p><p>Other confounding factors: same climatic conditions in both areas</p>,<p>All natural fluoridation<br />Group 1: 2.2 to 4.1 ppm<br />Group 2: 0.2 ppm</p>,<p>Dental fluorosis (Dean's Index)</p><p>Age at time of measurement: 1 to 5 years</p>,<p>Part funded by South African Sugar Association</p>,,
Mella 1992,1992,PUB,24007247,"<p><b>FLUOROSIS STUDY</b></p><p>Country of study: Chile</p><p>Geographic location: students attending 2 boarding institutions in Santiago, who lived in areas throughout Chile</p><p>Year of study: not stated</p><p>Year of change in fluoridation status: NA</p><p>Study design: cross-sectional</p>","<p>Inclusion criteria: students at boarding institution, exposure estimated from home fluoride level; lived for first 6 years in home town</p><p>Exclusion criteria: students who could not remember the areas in which they spent the first 6 years of their life</p><p>Other sources of fluoride: not stated</p><p>SES: distribution of participants by high, moderate, low social class, but no significant differences between fluoride groups</p><p>Ethnicity: not stated</p><p>Residential history: first 6 years of life</p><p>Other confounding factors: years lived in city of birth</p>",<p>All natural fluoridation<br />Group 1: &gt; 0.3 ppm<br />Group 2: ≤ 0.3 ppm</p>,<p>Dental fluorosis (Dean's Index)</p><p>Age at assessment: 19 years</p>,<p>Not stated</p>,,
Mella 1994,1994,PUB,24007249,<p><b>FLUOROSIS STUDY</b></p><p>Country of study: Chile</p><p>Geographic location: Iquique (F); Santiago (non-F); Valparaiso-Vina (F); Temuco (low-F)</p><p>Year of study: 1983</p><p>Year of change in fluoridation status: not stated</p><p>Study design: cross-sectional</p>,"<p>Inclusion criteria: 4 schools in study areas</p><p>Exclusion criteria: not stated</p><p>Other sources of fluoride: not stated</p><p>SES: 2 schools in each area, 1 from low social class, 1 from medium/high social class, results presented separately by social class</p><p>Ethnicity: not stated</p><p>Residential history: not stated</p><p>Other confounding factors: not stated</p>",<p>Group 1: 2.2 ppm (natural fluoridation)<br/>Group 2: 0.0 ppm (natural fluoridation)<br/>Group 3: 1.0 ppm (artificial fluoridation)<br/>Group 4: 0.3 ppm (natural fluoridation)</p>,<p>Dental fluorosis (Dean's Index)</p><p>Age at assessment: 7 and 12 years</p>,<p>Not stated</p>,,
Meyer-Lueckel 2006,2006,PUB,24007251,"<p><b>FLUOROSIS STUDY</b><br/>Country of study: Iran<br/>Geographic location: Youssefabad, Seman, Dibaj<br/>Year of study: 2003<br/>Year of change in fluoridation status: NA<br/>Study design: cross-sectional</p>","<p>Inclusion criteria: school children aged 6 to 9 years who were lifetime residents</p><p>Exclusion criteria: not stated</p><p>Other sources of fluoride: not stated</p><p>SES: Youssefabad, Semnan were of upper-middle and lower-middle class, social class of the third community was not mentioned</p><p>Ethnicity: not stated</p><p>Residential history: lifetime residents</p><p>Other confounding factors: not stated</p>",<p>All natural fluoridation</p><p>Group 1: 0.2 ppm</p><p>Group 2: 0.3 ppm</p><p>Group 3: 1.3 ppm</p>,<p>Dental fluorosis (TSIF); caries data evaluated in study but excluded from review due to study design<br />Age at assessment: 6 to 9 years</p>,<p>Not stated</p>,,
Milsom 1990,1990,PUB,24007253,<p><b>FLUOROSIS STUDY</b></p><p>Country of study: England</p><p>Geographic location: Nantwich (F); Northwich (non-F)</p><p>Year of study: 1988</p><p>Year of change in fluoridation status: 1975</p><p>Study design: cross-sectional</p>,<p>Inclusion criteria: children aged 8 years attending state-maintained schools; lifetime residents of study areas; parental consent</p><p>Exclusion criteria: parishes not bounded on all sides by parishes with optimally fluoridated water for fluoride areas; exposure to fluoride supplements</p><p>Other sources of fluoride: age at which tooth brushing first began</p><p>SES: measured by parental occupation; social class makeup of study areas almost identical (data presented in paper)</p><p>Ethnicity: not stated</p><p>Residential history: lifetime residents</p><p>Other confounding factors: not stated</p>,<p>Group 1: 1 ppm (artificial fluoridation)<br/>Group 2: &lt; 0.3 ppm (natural fluoridation)</p>,<p>Enamel defect (DDE)</p><p>Age at assessment: 8 years</p>,<p>Financial support from the North Western Regional Health Authority</p>,,
Mondal 2012,2012,PUB,24007255,"<p><b>FLUOROSIS STUDY</b><br/>Country of study: India<br/>Geographic location: Nalhati I (Nasipur, Vabanandapur, Deshnabagram) and Rampurhat II (Chalk Atla, Nowapara, Junitpur and Kamdebpur)<br/>Year of study: 2003<br/>Year of change in fluoridation status: NA<br/>Study design: cross-sectional</p>",<p>Inclusion criteria: not stated</p><p>Exclusion criteria: not stated</p><p>Other sources of fluoride: not stated</p><p>SES: not stated</p><p>Ethnicity: not stated</p><p>Residential history: lifetime residents</p><p>Other confounding factors: not stated</p>,<p>All natural fluoridation</p><p>Group 1: 3.15 ppm</p><p>Group 2: 3.83 ppm</p>,<p>Dental fluorosis (Dean's Index)</p><p>Age at assessment: &lt; 10 years to &gt; 50 years</p>,<p>Not stated</p>,,
Montero 2007,2007,PUB,24007257,"<p><b>FLUOROSIS STUDY</b></p><p>Country of study: Venezuela</p><p>Geographic location: Maria May, Roscio and Madre Emilia</p><p>Year of study: not stated</p><p>Year of change in fluoridation status: NA</p><p>Study design: cross-sectional</p>",<p>Inclusion criteria: not stated</p><p>Exclusion criteria: not stated</p><p>Other sources of fluoride: not stated</p><p>Ethnicity: not stated</p><p>SES: not stated</p><p>Residential history: not stated</p><p>Other confounding factors: not stated</p>,<p>All natural fluoridation<br/>Group 1: 0.13 ppm<br/>Group 2: 0.31 ppm<br/>Group 3: 1.58 ppm</p>,<p>Dental fluorosis (Dean's Index); caries data also evaluated in study but excluded from review due to study design</p><p>Age at assessment: 8 to 12 years</p>,<p>Not stated</p>,,<p>Paper translated from Spanish</p>
Nanda 1974,1974,PUB,24007259,<p><b>FLUOROSIS STUDY</b></p><p>Country of study: India</p><p>Geographic location: 23 villages in Lucknow (North Central India)</p><p>Year of study: not stated</p><p>Year of change in fluoridation status: NA</p><p>Study design: cross-sectional</p>,<p>Inclusion criteria: lifetime residents of study areas; children from 103 urban and 66 rural schools; all permanent teeth (excluding third molars) present</p><p>Exclusion criteria: none stated</p><p>Other sources of fluoride: dietary fluoride intake</p><p>SES: not stated</p><p>Ethnicity: not stated</p><p>Residential history: lifelong residents</p><p>Other confounding factors: climate</p>,<p>All natural fluoridation<br />Group 1: &gt; 1.21 ppm<br />Group 2: 0.81 to 1.2 ppm<br />Group 3: 0.41 to 0.8 ppm<br />Group 4: 0 to 0.4 ppm</p>,<p>Dental fluorosis (Dean’s Index)</p><p>Age at time of measurement: 6 to 17 years</p>,"<p>Supported by PL-480 grants from the Bureau of Health Manpower Education, Division of Dental Health Public Health Service under the aegis of the Indian Council of Medical Research, New Delhi</p>",,
Narbutaite 2007,2007,PUB,24007261,<p><b>FLUOROSIS STUDY</b></p><p>Country of study: Lithuania</p><p>Geographic location: Klaipeda and Kaunas</p><p>Year of study: 1997</p><p>Year of change in fluoridation status: NA</p><p>Study design: cross-sectional</p>,<p>Inclusion criteria: not stated</p><p>Exclusion criteria: not stated</p><p>Other sources of fluoride: not stated</p><p>Ethnicity: not stated</p><p>SES: Klaipeda and Kaunas said to be the 2 largest cities in Lithuania and to be of a similar size and socioeconomic structure</p><p>Residential history: lifetime residents</p><p>Other confounding factors: not stated</p>,<p>All natural fluoridation<br />Group 1: 0.22 ppm<br />Group 2: 1.7 to 2.2 ppm</p>,<p>Dental fluorosis (TF Index); caries data also evaluated within the study but excluded from review due to study design</p><p>Age at assessment: 12 years</p>,<p>Not stated</p>,,
Narwaria 2013,2013,PUB,24007263,"<p><b>FLUOROSIS STUDY</b></p><p>Country of study: India</p><p>Geographic location: Dumduma, Bangama, Hazinager, Sillarpur, Sirsod, Nichroli, Toda Karera, Toda Rampur, Kali Pahadi and Zuzai in Karera</p><p>Year of study: not stated</p><p>Year of change in fluoridation status: NA</p><p>Study design: cross-sectional</p>",<p>Inclusion criteria: primary school children; mostly 5 to 12 years</p><p>Exclusion criteria: not stated</p><p>Other sources of fluoride: not stated</p><p>Ethnicity: not stated</p><p>SES: not stated</p><p>Residential history: not stated</p><p>Other confounding factors: not stated</p>,<p>All natural fluoridation<br/>Group 1: 1.65 ppm<br/>Group 2: 1.84 ppm<br/>Group 3: 1.84 ppm<br/>Group 4: 1.88 ppm<br/>Group 5: 1.91 ppm<br/>Group 6: 2.15 ppm<br/>Group 7: 2.22 ppm<br/>Group 8: 2.53 ppm<br/>Group 9: 3.91 ppm</p>,<p>Dental fluorosis (Dean's Index)</p><p>Age at assessment: 5 to 12 years</p>,"<p>Funding for travelling and laboratory facilities provided by Special Assistance Program (SAP)-I UGC, New Delhi</p>",,
Nunn 1992,1992,PUB,24007266,"<p><b>FLUOROSIS STUDY</b></p><p>Country of study: England</p><p>Geographic location: Hartlepool, Newcastle and Middlesborough</p><p>Year of study: 1989</p><p>Year of change in fluoridation status: NA</p><p>Study design: cross-sectional study</p>","<p>Inclusion criteria: lifetime residents of study areas; children in selected schools aged 15 to 16 years</p><p>Exclusion criteria: children with fractured incisor teeth, orthodontic bracket or surface otherwise obscured</p><p>Other sources of fluoride: not stated</p><p>SES: occupation of head of household recorded; participants of low and high SES were recruited when possible</p><p>Ethnicity: ethnicity recorded but no expansion on variable</p><p>Residential history: lifetime residents</p><p>Other confounding factors: not stated</p>",<p>Group 1: 1 tp 1.3 ppm<br />Group 2: 1 ppm<br />Group 3: 0.2 ppm</p>,<p>Enamel defect</p><p>Age at assessment: 12 years</p>,<p>Financial assistance from the British Council</p>,,
Nunn 1994a,1994,PUB,24007268,<p><b>FLUOROSIS STUDY</b></p><p>Country of study: England</p><p>Geographic location: north-east England</p><p>Year of study: 1990 to 1991</p><p>Year of change in fluoridation status: NA</p><p>Study design: cross-sectional</p>,"<p>Inclusion criteria: lifetime residents of study areas (England only); children aged 12 years; parental consent (England only)</p><p>Exclusion criteria: none stated</p><p>Other sources of fluoride: not stated, but expected higher use of toothpaste in higher SES groups</p><p>SES: children divided into high and low social class</p><p>Ethnicity: not stated</p><p>Residential history: UK participants were lifetime residents.</p><p>Other confounding factors: not stated</p>",<p>Group 1: 0.1 ppm</p><p>Group 2: 0.5 ppm</p><p>Group 3: 1.0 ppm</p>,<p>Enamel defect (DDE)</p><p>Age at assessment: 12 years</p>,<p>Not stated</p>,,"<p>Two study centres: England Sri Lanka. Different methodology used in England and Sri Lankan study centres, therefore reported under different study ID's (England - <a href=""396493779989071617"" contenteditable=""false"" type=""STUDY"">Nunn 1994a</a> and Sri Lankan - <a href=""396493780065879971"" contenteditable=""false"" type=""STUDY"">Nunn 1994b</a>)</p>"
Nunn 1994b,1994,PUB,24007270,<p><b>FLUOROSIS STUDY</b></p><p>Country of study: Sri Lanka</p><p>Geographic location: Sri Lanka</p><p>Year of study: 1990 to 1991</p><p>Year of change in fluoridation status: NA</p><p>Study design: cross-sectional</p>,"<p>Inclusion criteria: children aged 12 years</p><p>Exclusion criteria: none stated</p><p>Other sources of fluoride: not stated, but expected higher use of toothpaste in higher SE groups</p><p>SES: children divided into high and low social class</p><p>Ethnicity: not stated</p><p>Residential history: Sri Lankan populations were non-mobile and confirmed continuous residence when asked at the time of examination</p><p>Other confounding factors: not stated</p>",<p>Group 1: 0.1 ppm</p><p>Group 2: 0.5 ppm</p><p>Group 3: 1.0 ppm</p>,<p>Enamel defect (DDE)</p><p>Age at assessment: 12 years</p>,<p>Not stated</p>,,"<p>Two study centres: England Sri Lanka. Different methodology used in England and Sri Lankan study centres, therefore reported under different study ID's (England - <a href=""396493779989071617"" contenteditable=""false"" type=""STUDY"">Nunn 1994a</a> and Sri Lankan - <a href=""396493780065879971"" contenteditable=""false"" type=""STUDY"">Nunn 1994b</a>)</p>"
Ockerse 1941,1941,PUB,24007272,"<p><b>FLUOROSIS STUDY</b></p><p>Country of study: South Africa</p><p>Geographic location: Upington, Kenhardt and Pofadder</p><p>Year of study: 1939</p><p>Year of change in fluoridation status: NA</p><p>Study design: cross-sectional</p>","<p>Inclusion criteria: children attending schools in study areas; children aged 6 to 17 years</p><p>Exclusion criteria: none stated</p><p>Other sources of fluoride: not stated</p><p>SES: not stated</p><p>Ethnicity: not stated</p><p>Residential history: participants were born and lived up to the age of 8 years in the study areas</p><p>Other confounding factors: study areas at same altitude, same climate, similar countryside and vegetation, differences in drinking water composition discussed</p>",<p>All natural fluoridation<br/>Group 1: 2.46 ppm (average)<br/>Group 2: 6.8 ppm<br/>Group 3: 0.38 ppm</p>,<p>Mottled enamel; caries data also evaluated within the study but excluded from review due to study design</p><p>Age at assessment: 6 to 17 years</p>,<p>Not stated</p>,,
Pontigo-Loyola 2008,2008,PUB,24007274,<p><b>FLUOROSIS STUDY</b></p><p>Country of study: Mexico</p><p>Geographic location: urban - Tula Centro and San Marcos; rural – El Llano</p><p>Year of study: 1999</p><p>Year of change in fluoridation status: NA</p><p>Study design: cross-sectional</p>,<p>Inclusion criteria: not stated</p><p>Exclusion criteria: having fixed orthodontic appliances; metal crowns; refusal to be examined; unavailable for oral examination</p><p>Other sources of fluoride: not stated</p><p>Ethnicity: not stated</p><p>SES: not stated</p><p>Residential history: birth to ≥ 6 years</p><p>Other confounding factors: not stated</p>,<p>All natural fluoridation<br/>Group 1: 1.38 ppm<br/>Group 2: 1.42 ppm<br/>Group 3: 3.07 ppm</p>,<p>Dental fluorosis (modified Dean's Index)</p><p>Age at assessment: 12 and 15 years</p>,<p>Data collection by the Universidad Autonoma del Estado de Hidalgo and data analysis was partially supported by a grant from the National Council of Science and Technology of Mexico</p>,,
Pot 1974,1974,PUB,24007276,<p><b>CARIES STUDY</b></p><p>Country of study: Holland</p><p>Geographic location: Group 1: Tiel (F); Group 2: Culemborg (non-F). Total population sizes in each location not stated</p><p>Year study started: 1950</p><p>Year study ended: 1970</p><p>Year of change in fluoridation status: 1953</p><p>Study design: prospective cohort. The same cohort of adults was followed from baseline to end of study</p>,<p>Inclusion criteria: residents of study areas born between 1896 and 1945; lifelong residents of study areas</p><p>Exclusion criteria: participants who left the study areas for more than 3 months after fluoridation was introduced</p><p>Sample size at baseline: not stated</p><p>Sample size at final assessment: Group 1: 521 participants; Group 2: 507 participants</p><p>Other sources of fluoride: not stated</p><p>SES: not stated</p><p>Co-interventions: not stated</p><p>Ethnicity: not stated</p><p>Gender: equally balanced</p><p>Residential history: lifetime residents</p>,<p>Group 1: 1.1 ppm (artificial fluoridation)*</p><p>Group 2: 0.1 ppm (natural fluoridation)*</p>,<p>Outcome: % with false teeth</p><p>Age at baseline assessment: 5 to 55 years</p><p>Age at final assessment: 25 to 75 years</p>,<p>Not stated</p>,"<p>See&nbsp;<a type=""TABLE"" href=""432800047565131527"">Table 7</a>&nbsp;for ROBINS-I assessment</p>
<p><b>Confounding.</b> Study assessed as at critical risk for confounding due to lack of details regarding SES. No further assessment</p>
<p><b>Classification of interventions.</b> Intervention status classified correctly</p>
<p><b>Selection of participants into the study/analysis.</b> Participants were selected by random sampling from the city population registers</p>
<p><b>Deviations from intended interventions.</b> No reported deviations from the intervention</p>
<p><b>Missing data.</b> Data presented for all participants</p>
<p><b>Measurement of the outcome.</b> Insufficient information regarding blinding; examiners likely to know fluoridation status</p>
<p><b>Selection of the reported result.</b> No apparent selection of reporting with regard to chosen outcome (study reports on percentage of false teeth; no caries data)</p>","<p>Paper translated from Dutch</p><p>*Information about fluoride dose sourced from Backerdirks et al, 1961 (secondary reference under <a type=""STUDY"" href=""396493780295780751"">Pot 1974</a>).</p>"
Ray 1982,1982,PUB,24007278,"<p><b>FLUOROSIS STUDY</b></p><p>Country of study: India</p><p>Geographic location: Rustampur and Ledhupur, 2 adjacent village in Varanasi District</p><p>Year of study: not stated</p><p>Year of change in fluoridation status: NA</p><p>Study design: cross-sectional</p>",<p>Inclusion criteria: none stated</p><p>Exclusion criteria: none stated</p><p>Other sources of fluoride: not stated</p><p>SES: study areas similar with respect to demographic and socioeconomic characteristics</p><p>Ethnicity: not stated</p><p>Residential history: not stated</p><p>Other confounding factors: villages similar with respect to geoclimatic characteristics</p>,<p>All natural fluoridation<br />Group 1: &gt; 2 ppm<br />Group 2: 1 to 2 ppm<br />Group 3: &lt; 1 ppm</p>,<p>Dental fluorosis (index not stated)</p><p>Age at assessment: not stated</p>,<p>Funded by the Indian Council of Medical Research</p>,,
Riordan 1991,1991,PUB,24007280,"<p><b>FLUOROSIS STUDY</b></p><p>Country of study: Australia</p><p>Geographic location: Perth (F); Bunbury (non-F), Western Australia</p><p>Year of study: 1989</p><p>Year of change in fluoridation status: 1968</p><p>Study design: cross-sectional</p>","<p>Inclusion criteria: children born in 1978; children attending government schools in study areas; parental consent</p><p>Exclusion criteria: children with amelogenesis imperfecta or orthodontic banding</p><p>Other sources of fluoride: questionnaire investigated periods and duration of use of fluoride supplements, use of fluoride toothpaste, included age at which use of toothpaste commenced, whether child swallowed toothpaste</p><p>SES: schools assigned socioeconomic score - no significant difference in scores between study areas</p><p>Ethnicity: not stated</p><p>Residential history: not stated</p><p>Other confounding factors: not stated</p>",<p>Group 1: 0.8 ppm (artificial fluoridation)<br/>Group 2: &lt; 0.2 ppm (natural fluoridation)</p>,<p>Dental fluorosis (TF Index)</p><p>Age at assessment: 12 years</p>,<p>Not stated</p>,,
Riordan 2002,2002,PUB,24007282,<p><b>FLUOROSIS STUDY</b><br />Country of study: Australia<br />Geographic location: Western Australia<br />Year of study: 2000<br />Year of change in fluoridation status: NA<br />Study design: cross-sectional</p>,"<p>Inclusion criteria: children born around 1990 (10-year-olds) who had lived in Australia/New Zealand for most of their lives (to ensure lifetime exposure to water fluoridation)<br />Exclusion criteria: migrants from outside Australia and New Zealand, refusal to consent, not present at school at the time of exam<br />Other sources of fluoride: information was collected on use of infant formula, age at which toothpaste was introduced and the use of fluoride supplements. Fluoride supplement use was almost exclusive to residents of the non-fluoridated areas<br />SES: not stated<br />Ethnicity: not stated<br />Residential history: participants were categorised as having been exposed to water fluoridation if they had spent more than half their life between the ages of 0 to 5 years in water fluoridated area<br />Other confounding factors: not stated</p>",<p>Group 1: 0.8ppm (artificial fluoridation)<br/>Group 2: 0.2-0.3 ppm (naturally fluoridated)</p>,<p>Dental fluorosis (TF index)<br/>Age at assessment: 10 years</p>,<p>Not stated</p>,,
Ruan 2005,2005,PUB,24007284,<p><b>FLUOROSIS STUDY</b></p><p>Country of study: China</p><p>Geographic location: urban - Bao Ji and Jing Bian</p><p>Year of study: 2002</p><p>Year of change in fluoridation status: NA</p><p>Study design: cross-sectional</p>,<p>Inclusion criteria: not stated</p><p>Exclusion criteria: absent or unavailable; non-permanent residents</p><p>Other sources of fluoride: no fluoride supply was provided by dental service and no fluoride supplement programme was implemented in any of the communities</p><p>Ethnicity: not stated</p><p>SES: the selected schools served rural communities where socioeconomic standards were comparable</p><p>Residential history: permanent residents</p><p>Other confounding factors: not stated</p>,<p>All natural fluoridation<br/>Group 1: 0.4ppm<br/>Group 2: 1.0 ppm<br/>Group 3: 1.8 ppm<br/>Group 4: 3.5 ppm<br/>Group 5: 5.6 ppm</p>,<p>Dental fluorosis (TF Index); caries data also evaluated within the study but excluded from review due to study design</p><p>Age at assessment: 12 and 13 years</p>,<p>The study was supported by the Norwegian State Educational Loan Fund</p>,,
Rugg-Gunn 1997,1997,PUB,24007286,<p><b>FLUOROSIS STUDY</b></p><p>Country of study: Saudi Arabia</p><p>Geographic location: Jeddah (low F); Riyadh (moderate F); and Quassim (high F)</p><p>Year of study: 1992</p><p>Year of change in fluoridation status: NA</p><p>Study design: cross-sectional</p>,<p>Inclusion criteria: lifetime residents of study areas; boys aged 14 years; parental consent</p><p>Exclusion criteria: photographs that failed to show whole buccal surface; out of focus photographs</p><p>Other sources of fluoride: not stated</p><p>SES: schools grouped according to the socioeconomic status of residential areas in the urban community; family income and parental education measured using questionnaire</p><p>Ethnicity: not stated</p><p>Residential history: lifetime residents</p><p>Other confounding factors: nutritional status</p>,<p>All natural fluoridation<br/>Group 1: 2.7 ppm<br/>Group 2: 0.8 ppm<br/>Group 3: &lt; 0.3 ppm</p>,<p>Dental fluorosis (index unclear)</p><p>Age at assessment: 14 years</p>,<p>Not stated</p>,,
Russell 1951,1951,PUB,24007288,"<p><b>FLUOROSIS STUDY</b></p><p>Country of study: USA</p><p>Geographic location: Colorado Springs (F); Boulder (non-F), Colorado</p><p>Year of study: 1950</p><p>Year of change in fluoridation status: NA</p><p>Study design: cross-sectional</p>","<p>Inclusion criteria: white native residents listed in school census record for 1920, 1930 or 1940 and as resident in current city directory; mothers living in study area at time of birth; age 20 to 44 years; residence and usage of local water unbroken except for periods not exceeding 60 days during calcification and eruption of permanent teeth</p><p>Exclusion criteria: none stated</p><p>Other sources of fluoride: not stated</p><p>SES: workers in 2 communities followed similar occupations and had similar average salaries</p><p>Ethnicity: native born white = 98% of Boulder population, and 96% of Colorado Springs population. This study only reports upon white participants (not clear if this was coincidence or purpose)</p><p>Residential history: lifetime residents</p><p>Other confounding factors: Colorado Springs 3 times size of Boulder, similar altitude and climate, neither population ageing nor young, both were highly literate, water systems similar</p>",<p>All natural fluoridation<br/>Group 1: 2.5 ppm<br/>Group 2: &lt; 0.1 ppm</p>,<p>Dental fluorosis (Dean’s Index); caries data also evaluated within the study but excluded from review due to study design</p><p>Age at time of measurement: 20 to 44 years</p>,<p>Not stated</p>,,
Rwenyonyi 1998,1998,PUB,24007290,<p><b>FLUOROSIS STUDY</b></p><p>Country of study: Uganda</p><p>Geographic location: 4 areas of Uganda located at different altitudes</p><p>Year of study: not stated</p><p>Year of change in fluoridation status: NA</p><p>Study design: cross-sectional</p>,<p>Inclusion criteria: lifetime residents of study areas</p><p>Exclusion criteria: none stated</p><p>Other sources of fluoride: not stated</p><p>SES: not stated</p><p>Ethnicity: not stated</p><p>Residential history: lifetime residents</p><p>Other confounding factors: mothers interviewed about water intake and food habits of child during early childhood; altitude</p>,<p>All natural fluoridation<br/>Group 1: 2.5 ppm (low altitude)<br/>Group 2: 2.5 ppm (high altitude)<br/>Group 3: 0.5 ppm (low altitude)<br/>Control: 0.5 ppm (high altitude)</p>,<p>Dental fluorosis (index not stated)</p><p>Age at assessment: 10 to 14 years</p>,"<p>The Norwegian Universities' Committee for Development Research and Education and the Committee for Research and Postgraduate Training, University of Bergen</p>",,
Rwenyonyi 1999,1999,PUB,24007292,<p><b>FLUOROSIS STUDY</b></p><p>Country of study: Uganda</p><p>Geographic location: Kasese (low F); Kisoro (high F)</p><p>Year of study: 1996 to 1997</p><p>Year of change in fluoridation status: NA</p><p>Study design: cross-sectional</p>,"<p>Inclusion criteria: children aged 10 to 14 years (born between 1982 and 1987); lifetime residents of study areas; consumed drinking water from same source for first 6 years of life; parental consent</p><p>Exclusion criteria: absence from the village for more than 1 month per year</p><p>Other sources of fluoride: fluoride exposure from liquid estimated by daily liquid intake - children from high fluoride area had higher intake of water, consumed more boiled water and consumed less tea than those from control area, higher consumption of fluoride from Trona in control group</p><p>SES: most families were small scale farmers and all appeared to be of similar social class</p><p>Ethnicity: all children were ethnic Bantu Africans from the Bafumbria and Bakonjo tribes</p><p>Residential history: lifelong residents</p><p>Other confounding factors: vegetarianism (associated with fluorosis); altitude (results presented separately for different altitudes) - no association found between altitude and fluorosis</p>",<p>All natural fluoridation<br/>Group 1: 2.5 (altitude = 2800 m)<br/>Group 2: 2.5 (altitude = 1750 m)<br/>Group 3: 0.5 (altitude = 2200 m)<br/>Group 4: 0.5 (altitude = 900 m)</p>,<p>Dental fluorosis (TF Index)</p><p>Age at time of measurement: mean age 12.2 years (SD 1.3)</p>,"<p>Norwegian Universities Committee for Development Research and Education and the Committee for Research and Postgraduate Training, University of Bergen</p>",,
Saravanan 2008,2008,PUB,24007294,<p><b>FLUOROSIS STUDY</b></p><p>Country of study: India</p><p>Geographic location: Tamil Nadu</p><p>Year of study: not stated</p><p>Year of change of fluoridation status: NA</p><p>Study design: cross-sectional</p>,<p>Inclusion criteria: the coverage of children was confined only to primary schools as each village had a primary school and 99% of the children of primary school age group in the study area were attending schools</p><p>Exclusion criteria: high school children were not included as only 85% of the children of high school age group (11 to 16 years) in the study area were attending schools</p><p>Other sources of fluoride: not stated</p><p>Ethnicity: not stated</p><p>SES: the majority of people in the study setting were of lower SES</p><p>Residential history: lifetime residents</p><p>Other confounding factors: not stated</p>,<p>All natural fluoridation<br/>Group 1: &lt; 0.1 ppm<br/>Group 2: &lt; 0.1 ppm<br/>Group 3: 0.25 ppm<br/>Group 4: 0.56 ppm<br/>Group 5: 0.66 ppm<br/>Group 6: 0.67 ppm</p>,<p>Dental fluorosis (Dean's Index)</p><p>Age at assessment: 5 to 10 years</p>,<p>Not stated</p>,,
Scheinin 1964,1964,PUB,24007296,"<p><b>FLUOROSIS STUDY</b></p><p>Country of study: Finland</p><p>Geographic location: Artjarvi, Askola, Elimaki, Litti, Myrskyla, Parikkala, Taipalsaari, Valkeala, Vehkalahti</p><p>Year of study: not stated</p><p>Year of change in fluoridation status: NA</p><p>Study design: cross-sectional</p>",<p>Inclusion criteria: children aged 11</p><p>Exclusion criteria: children resident in area for &lt; 6 years; fluoride concentration of drinking water unknown</p><p>Other sources of fluoride: not stated</p><p>SES: not stated</p><p>Ethnicity: not stated</p><p>Residential history: residence for &lt; 6 years</p><p>Other confounding factors: not stated</p>,<p>All natural fluoridation</p><p>Group 1: 0 to 0.1 ppm<br />Group 2: 0.11 to 0.39 ppm<br />Group 3: 0.40 to 0.99 ppm<br />Group 4: 1.0 to 1.59 ppm<br />Group 5: 1.6 ppm</p>,<p>Dental fluorosis (community fluorosis index); caries data also evaluated within the study but excluded from review due to study design</p><p>Age at assessment: 11 years</p>,<p>Not stated</p>,,
Segreto 1984,1984,PUB,24007298,<p><b>FLUOROSIS STUDY</b></p><p>Country of study: USA</p><p>Geographic location: 16 Texas communities</p><p>Year of study: 1978 to 1981</p><p>Year of change in fluoridation status: unclear</p><p>Study design: cross-sectional</p>,"<p>Inclusion criteria: lifetime residents who may have resided at several different addresses in the same community; absence from community for no more than 3 months during any calendar year; grades 2 to 6, aged 7 to 12 years and grades 9 to 12, aged 14 to 18 years; city water supply as principal source of drinking water throughout lifetime; non-usage of water treatment systems that result in de-fluoridation of water</p><p>Exclusion criteria: children with staining attributable to medication such as tetracycline</p><p>Other sources of fluoride: not stated</p><p>SES: not stated</p><p>Ethnicity: children were primarily those with Spanish surnames or white</p><p>Residential history: lifetime residents</p><p>Other confounding factors: not stated</p>",<p>Unclear if natural or artificial fluoridation</p><p>Group 1: 0.3 ppm<br/>Group 2: 0.3 ppm<br/>Group 3: 0.4 ppm<br/>Group 4: 1.0 ppm<br/>Group 5: 1.3 ppm<br/>Group 6: 1.3 ppm<br/>Group 7: 1.4 ppm<br/>Group 8: 2.3 ppm<br/>Group 9: 2.3 ppm<br/>Group 10: 2.5 ppm<br/>Group 11: 2.7 ppm<br/>Group 12: 2.7 ppm<br/>Group 13: 2.7 ppm<br/>Group 14: 2.9 ppm<br/>Group 15: 3.1 ppm<br/>Group 16: 4.3 ppm</p>,<p>Mottled enamel (Dean's Index)</p><p>Age at assessment: 7 to 12 years and 14 to 18 years</p>,<p>Not stated</p>,,"<p>Data extracted from <a type=""STUDY"" href=""396493781181042920"">Segreto 1984</a> differs from that presented in <a type=""REFERENCE"" href=""396493773947417054"">McDonagh 2000</a></p>"
Sellman 1957,1957,PUB,24007300,"<p><b>FLUOROSIS STUDY</b></p><p>Country of study: Sweden</p><p>Geographic location: Malmo (low F); Simirshamn, Astorp and Nyvang (High F)</p><p>Year of study: 1953</p><p>Year of change in fluoridation status: NA</p><p>Study design: cross-sectional</p>","<p>Inclusion criteria: children aged 11 to 14 years</p><p>Exclusion criteria: children missed due to illness; children &lt; 11.5 years and &gt; 14.5 years</p><p>Other sources of fluoride: all children received yearly systematic treatment by the School Dental Service</p><p>SES: socioeconomic distribution of lifetime residents was similar in all study areas, however distribution was different for non-continuous residents compared to continuous residents</p><p>Ethnicity: not stated</p><p>Residential history: only results of lifetime residents were presented</p><p>Other confounding factors: not stated</p>",<p>All natural fluoridation</p><p>Group 1: 1.0 ppm</p><p>Group 2: 1.0 to 1.3 ppm</p><p>Group 3: 1.3 ppm</p><p>Control: 0.3 to 0.5 ppm</p>,<p>Outcome: dental fluorosis (Dean's Index)</p><p>Age at assessment: 12 to 14 years</p>,<p>Not stated</p>,,"<p>Data extracted from <a type=""STUDY"" href=""396493781262832025"">Sellman 1957</a> differs from that presented in <a type=""REFERENCE"" href=""396493773947417054"">McDonagh 2000</a></p>"
Selwitz 1995,1995,PUB,24007302,"<p><b>FLUOROSIS STUDY</b></p><p>Country of study: USA</p><p>Geographic location: Kewanee (optimal), Monmouth (2 x optimal), Abingdon, Elmwood (3 x optimal), Bushneell, Ipava, Table Grove (4 x optimal), Illinois</p><p>Year of study: 1980</p><p>Year study ended: 1990</p><p>Year of change in fluoridation status: unclear</p><p>Study design: repeated cross-sectional</p>",<p>Inclusion criteria: children aged 8 to 10 years and 14 to 16 years; written parental consent; lifetime residents of study areas; continuous use of community water supply</p><p>Exclusion criteria: none stated</p><p>Other sources of fluoride: not stated</p><p>SES: not stated</p><p>Ethnicity: not stated</p><p>Residential history: lifetime residents</p><p>Other confounding factors: not stated</p>,"<p>Unclear whether all was natural fluoridation, parts of the optimally fluoridated area may have been artificially adjusted</p><p>Group 1: 4 ppm</p><p>Group 2: 3 ppm</p><p>Group 3: 2 ppm</p><p>Group 4: 1 ppm</p>",<p>Dental fluorosis (% fluorosed surfaces (TSIF); caries data also evaluated within the study but excluded from review due to study design</p><p>Age at assessment: 8 to 10 years and 13 to 15 years</p>,<p>Not stated</p>,,"<p>Data extracted from <a type=""STUDY"" href=""396493781349077579"">Selwitz 1995</a> differs from that presented in <a type=""REFERENCE"" href=""396493773947417054"">McDonagh 2000</a></p>"
Selwitz 1998,1998,PUB,24007304,<p><b>FLUOROSIS STUDY</b></p><p>Country of study: USA</p><p>Geographic location: Kewanee (F); Holdrege and Broken Bow (non-F)</p><p>Year of study: 1990-1998</p><p>Year of change in fluoridation status: NA</p><p>Study design: cross-sectional</p>,<p>Inclusion criteria: lifetime residents of study areas; parental consent</p><p>Exclusion criteria: none stated</p><p>Other sources of fluoride: type of toothpaste currently used and used before age 6; use of dietary fluoride supplements; receipt of professionally applied fluoride treatments</p><p>SES: not stated</p><p>Ethnicity: not stated</p><p>Residential history: lifetime residents</p><p>Other confounding factors: use of private well-water</p>,<p>All natural fluoridation<br/>Group 1: 1 ppm<br/>Group 2: &lt; 0.3 ppm</p>,<p>Dental fluorosis (TSIF); caries data also evaluated within the study but excluded from review due to study design</p><p>Age at assessment: 8 to 10 years and 13 to 16 years</p>,<p>Not stated</p>,,"<p>Data extracted from <a type=""STUDY"" href=""396493781432439550"">Selwitz 1998</a> differs from that presented in <a type=""REFERENCE"" href=""396493773947417054"">McDonagh 2000</a></p>"
Shanthi 2014,2014,PUB,24007306,"<p><b>FLUOROSIS STUDY</b></p><p>Country of study: India</p><p>Geographic location: 3 strata (according to fluoride concentration) Khammam district, Andhra Pradesh</p><p>Year of study: not stated</p><p>Year of change in fluoridation status: NA</p><p>Study design: cross-sectional</p>","<p>Inclusion criteria: school children, aged 9 to 12 years irrespective of sex, race, and SES, who were residents of that particular region and using the same source of drinking water; more than 50% of the crown erupted and no fillings on the facial surface of anterior teeth; co-operative parental consent</p><p>Exclusion criteria: children who obtained their drinking water from more than one source; those with orthodontic brackets; children with severe extrinsic stains on their teeth; children with any communicable or systemic diseases and fractured anterior teeth</p><p>Other sources of fluoride: not stated</p><p>SES: not stated</p><p>Ethnicity: not stated</p><p>Residential history: lifetime residents</p><p>Other confounding factors: the consumption of sugar in the study population was about 61.3% in boys and 38.7% in girls (not specified by group)</p>",<p>All natural fluoridation<br />Group 1: &lt; 0.7 ppm<br />Group 2: 0.7 to 1.2 ppm<br />Group 3: 1.3 to 3.5 ppm</p>,<p>Dental fluorosis (Dean's Index); caries data also evaluated within the study but excluded from review due to study design</p><p>Age at assessment: 9 to 12 years</p>,<p>Stated no funding</p>,,
Shekar 2012,2012,PUB,24007308,<p><b>FLUOROSIS STUDY</b></p><p>Country of study: India</p><p>Geographic location: Nalgonda district</p><p>Year of study: 2008</p><p>Year of change in fluoridation status: NA</p><p>Study design: cross-sectional</p>,"<p>Inclusion criteria: continuous residency; availability on the day of examination</p><p>Exclusion criteria: not stated</p><p>Other sources of fluoride: information on oral hygiene practices, dietary habits, source of drinking water, and amount of liquid consumed in a day, use of fluoridated toothpaste was collected but not reported</p><p>Ethnicity: not stated</p><p>SES: the majority of people in the study setting were from lower socioeconomic class</p><p>Residential history: lifetime residents</p><p>Other confounding factors: not stated</p>",<p>All natural fluoridation<br />Group 1: &lt; 0.7 ppm<br />Group 2: 0.7 to 1.2 ppm<br />Group 3: 1.2 to 2 ppm<br />Group 4: 2.1 to 4 ppm<br />Group 5: &gt; 4 ppm</p>,<p>Dental fluorosis (Dean's Index)</p><p>Age at assessment: 12 and 15 years</p>,<p>Not stated</p>,,
Skinner 2013,2013,PUB,24007311,<p><b>FLUOROSIS STUDY</b></p><p>Country of study: Australia</p><p>Geographic location: New South Wales</p><p>Year of study: 2010</p><p>Year of change in fluoridation status: NA</p><p>Study design: cross-sectional</p>,"<p>Inclusion criteria: school students aged 14 to 15 years under the jurisdiction of the NSW Department of Education and Training, the Catholic Education Commission and Independent Schools</p><p>Exclusion criteria: not stated</p><p>Other sources of fluoride: not stated</p><p>Ethnicity: aboriginal status was coded from parental responses (not reported by fluoridation status)</p><p>SES: self-reported family income data were provided by parents or guardians and was used as a measure of SES (not reported by fluoridation status)</p><p>Residential history: not stated</p><p>Other confounding factors: not stated</p>",<p>Group 1: fluoridated (artificial; ppm not specified)</p><p>Group 2: non-fluoridated</p>,<p>Dental fluorosis (TF); caries data also evaluated within the study but excluded from review due to study design</p><p>Age at assessment: 14 and 15 years</p>,<p>The Centre for Oral Health Strategy NSW</p>,,
Skotowski 1995,1995,PUB,24007313,<p><b>FLUOROSIS STUDY</b></p><p>Country of study: USA</p><p>Geographic location: Iowa</p><p>Year of study: 1991</p><p>Year of change in fluoridation status: NA</p><p>Study design: case-control study</p>,<p>Inclusion criteria: children aged 8 to 17 years; patients attending Iowa College of Dentistry's Paediatric clinic; all permanent incisors and first molars present and erupted; parent who could provide consent and details of fluoride exposure accompanied child</p><p>Exclusion criteria: children with fixed orthodontic appliances; all permanent incisors and first molars present and erupted</p><p>Other sources of fluoride: dietary fluoride supplement use; age began brushing with toothpaste; toothpaste usage in 8 years; mouth rinse usage; professional fluoride treatments</p><p>SES: not stated</p><p>Ethnicity: not stated</p><p>Residential history: not stated</p><p>Other confounding factors: not stated</p>,<p>All natural fluoridation</p><p>Group 1: 3.1 ppm<br/>Group 2: 5.6 ppm</p>,<p>Dental fluorosis (TSIF)</p><p>Age at assessment: 8 to 17 years</p>,<p>Not stated</p>,,
Spadaro 1955,1955,PUB,24007315,"<p><b>FLUOROSIS STUDY</b></p><p>Country of study: Italy</p><p>Geographic location: Barcelona, Pozzo di Gotto, Sicily</p><p>Year of study: 1954</p><p>Year of change in fluoridation status: unclear</p><p>Study design: cross-sectional</p>",<p>Inclusion criteria: children attending schools in study areas</p><p>Exclusion criteria: none stated</p><p>Other sources of fluoride: not stated</p><p>SES: not stated</p><p>Ethnicity: not stated</p><p>Residential history: not stated</p><p>Other confounding factors: not stated</p>,<p>Unclear if natural or artificial fluoridation</p><p>Group 1: 0.4 ppm<br/>Group 2: 1.9 ppm</p>,<p>Dental fluorosis (index not stated); caries data also evaluated within the study but excluded from review due to study design</p><p>Age at assessment: 6 to 11 years</p>,<p>Not stated</p>,,"<p>Data from <a type=""REFERENCE"" href=""396493773947417054"">McDonagh 2000</a> (data unverified)</p>"
Stephen 2002,2002,PUB,24007317,"<p><b>FLUOROSIS STUDY</b></p><p>Country of study: Scotland</p><p>Geographic location: Burghead, Kinloss and Findhorn </p><p>Year of study: not stated</p><p>Year of change in fluoridation status: NA</p><p>Study design: cross-sectional</p>","<p>Inclusion criteria: not stated</p><p>Exclusion criteria: not stated</p><p>Other sources of fluoride: information on the use of fluoridated toothpaste was collected but not reported</p><p>Ethnicity: not stated</p><p>SES: the socioeconomic analyses showed that 17% of F subjects were in the ‘high’ SES groups I or II, 75% in 'non-manual' group III, and 8% in 'manual' groups IV or V. For non-F children, the corresponding percentages were 23%, 60% and 17%, thus revealing a higher percentage of non-F subjects at either end of the SES scale</p><p>Residential history: the participants were either lifetime or school-lifetime (i.e. permanently present therein since commencing full-time schooling at approximately 5 years of age) residents</p><p>Other confounding factors: information about oral hygiene practices, dietary habits, source of drinking water, and amount of liquid consumed in a day</p>",<p>All natural fluoridation<br />Group 1: 1 to 2.4 ppm<br />Group 2: 0.03 ppm</p>,<p>Dental fluorosis (TF Index); caries data also evaluated within the study but excluded from review due to study design</p><p>Age at assessment: 5 to 6 years (caries only) and 8 to 12 years (caries and fluorosis)</p>,<p>Supported by a Scottish Office Department of Health grant</p>,,
Sudhir 2009,2009,PUB,24007319,<p><b>FLUOROSIS STUDY</b></p><p>Country of study: India</p><p>Geographic location: Andhra Pradesh </p><p>Year of study: 2006-2007</p><p>Year of change in fluoridation status: NA</p><p>Study design: cross-sectional</p>,"<p>Inclusion criteria: school children aged 13 to 15 years; lifelong residence of the region; use of the same source of drinking water from birth to 10 years of age; having permanent teeth with at least &gt; 50% of the crown erupted and no fillings on facial surface</p><p>Exclusion criteria: migration from some other place; change of source of drinking water; drinking water from more than 1 source; having orthodontic brackets; having teeth with severe extrinsic stains</p><p>Other sources of fluoride: information was collected on aids used for oral hygiene maintenance (fluoridated or non-fluoridated); no data on aids used for oral hygiene maintenance reported</p><p>Ethnicity: not stated</p><p>SES: not stated</p><p>Residential history: lifetime residents</p><p>Other confounding factors: the questionnaire consisted of information in 2 parts: the first part consisted of information on demographic data, permanent residential address, source of drinking water, duration of use of present source of drinking water, staple food, liquids routinely consumed</p>",<p>All natural fluoridation<br />Group 1: &lt; 0.7 ppm<br />Group 2: 0.7 to 1.2 ppm<br />Group 3: 1.3 to 4 ppm<br />Group 4: &gt; 4 ppm</p>,<p>Outcome: fluorosis prevalence (TF Index);</p><p>Age at assessment: 13 to 15 years</p>,<p>Not stated</p>,,
Szpunar 1988,1988,PUB,24007321,"<p><b>FLUOROSIS STUDY</b></p><p>Country of study: USA</p><p>Geographic location: Hudson, Redford, Richmond (F); Cadillac (non-F), Michigan</p><p>Year of study: not stated</p><p>Year of change in fluoridation status: not stated</p><p>Study design: cross-sectional</p>",<p>Inclusion criteria: lifetime residents of study areas; children aged 6 to 12 years</p><p>Exclusion criteria: none stated</p><p>Other sources of fluoride: use of fluoride supplements; dental attendance; time interval since last dental visit; age began brushing (parent and child); age at start of F rinsing; feeding method in 1st year of life.</p><p>SES: not stated</p><p>Ethnicity: not stated</p><p>Residential history: lifetime residents</p><p>Other confounding factors: not stated</p>,<p>Group 1: 1.2 ppm (artificial fluoridation)<br/>Group 2: 1.0 ppm (artificial fluoridation)<br/>Group 3: 0.8 ppm (artificial fluoridation)<br/>Group 4: 0.0 ppm (natural fluoridation)</p>,<p>Dental fluorosis (TSIF); caries data also evaluated in the study but not included in the review due to study design</p><p>Age at assessment: 6 to 12 years</p>,<p>NIH National Research Service Award</p>,,"<p>Data extracted from <a type=""STUDY"" href=""396493782134986939"">Szpunar 1988</a> differs from that presented in <a type=""REFERENCE"" href=""396493773947417054"">McDonagh 2000</a></p>"
Tabari 2000,2000,PUB,24007323,<p><b>FLUOROSIS STUDY</b></p><p>Country of study: UK</p><p>Geographic location: Northumberland and Newcastle upon Tyne</p><p>Year of study: 1998</p><p>Year of change in fluoridation status: 1969</p><p>Study design: cross-sectional</p>,"<p>Inclusion criteria: parental consent; lifetime residency</p><p>Exclusion criteria: not stated</p><p>Ethnicity: not stated</p><p>Other sources of fluoride: data on the use of fluoride drops and tablets collected but not presented. Data on toothbrushing habit/frequency presented in detail and appeared to be similar in F and non-F areas</p><p>SES: the children from Newcastle tended to reside in more underprivileged areas than those in Northumberland. The mean Jarman UPA8 score was 16.3 (SD = 19.1) for children in Newcastle and 7.3 (SD = 15.0) for Northumberland (P value &lt; 0.001). However, the study authors were reported to have chosen schools to provide children from a spectrum of SES backgrounds.</p><p>Residential history: lifetime residents</p><p>Other confounding factors: not stated</p>",<p>Group 1: 1 ppm (artificial fluoridation)<br/>Group 2: 0.1 ppm (natural fluoridation)</p>,<p>Dental fluorosis (TF Index)</p><p>Age at assessment: 8 to 9 years</p>,<p>Not stated</p>,,
Tessier 1987,1986,PUB,24007325,"<p><b>CARIES STUDY</b></p><p>Country of study: Canada </p><p>Geographic location: Group 1: Windsor (F), population size of 6000 residents; Group 2: Richmond (non-F), population size of 4000 residents</p><p>Year study started: 1977</p><p>Year study ended: 1986</p><p>Year of change in fluoridation status: 1978</p><p>Study design: CBA. A different sample of children was assessed at baseline and end of study, according to age at the time of assessment. </p>",<p>Inclusion criteria: all 6- and 7-year-old schoolchildren</p><p>Exclusion criteria: children living too far from the fluoridated water supply; or drinking fluoridated water 3 years or less</p><p>Sample size at baseline: Group 1: 96 children; Group 2: 93 children</p><p>Sample size at final assessment: Group 1: 89 children; Group 2: 86 children</p><p>SES: comparable study areas with similar SES and lifestyles</p><p>Co-interventions: mouthwash and toothpaste; participants underwent similar fluoride rinse programmes and had similar access to dental care</p><p>Ethnicity: not stated</p><p>Gender: broadly balanced across groups </p><p>Residential history: not stated</p>,<p>Group 1: 'optimal' level - ppm not stated (artificial fluoridation) </p><p>Control: 'low' level - ppm not stated (natural fluoridation) </p>,<p>DMFT; % caries prevalence</p><p>Age at baseline assessment: 6 and 7 years</p><p>Age at final assessment: 6 and 7 years</p>,<p>Not stated</p>,"<p>See <a type=""TABLE"" href=""432800047565131527"">Table 7</a> for ROBINS-I assessment</p><p><b>Confounding.</b> Efforts were made to control for confounding through design. The groups were considered to be comparable by the study author team but no data were provided. </p><p><b>Classification of interventions.</b> Intervention status classified correctly</p><p><b>Selection of participants into the study/analysis.</b> A school in each area was selected (reason for selection is unclear); all eligible children in each school were invited to participate</p><p><b>Deviations from intended interventions.</b> No deviations from intended intervention reported </p><p><b>Missing data. </b>No missing outcome data, however, no data regarding confounder</p><p><b>Measurement of the outcome.</b> Outcome assessment was conducted by unblinded assessors </p><p><b>Selection of the reported result.</b> Outcome of interest reported</p>",<p>Translated from French</p>
Tsutsui 2000,2000,PUB,24007327,<p><b>FLUOROSIS STUDY</b></p><p>Country of study: Japan</p><p>Geographic location: not stated</p><p>Year of study: 1987</p><p>Year of change in fluoridation status: naturally occurring fluoride</p><p>Study design: cross-sectional</p>,<p>Inclusion criteria: use of municipal water supply and lifelong residency of study area; difference of ≤ 0.2 ppm where home and school were located in different water supply areas</p><p>Exclusion criteria: failure to meet any of the inclusion criteria; other reasons for exclusion were incomplete questionnaire and periodic application of topical fluoride</p><p>Other sources of fluoride: children who had received periodic applications of topical fluoride were excluded; no children had used fluoride mouth rinses; use of fluoride-containing toothpaste was not determined as the market share was only 12% and thus not commonly used by children at the time.</p><p>Ethnicity: not stated</p><p>SES: not stated</p><p>Residential history: lifetime residents</p><p>Other confounding factors: not stated</p>,<p>All natural fluoridation</p><p>Group 1: 0 to 0.2 ppm</p><p>Group 2: 0.2 to 0.4 ppm</p><p>Group 3: 0.4 to 0.6 ppm</p><p>Group 4: 0.6 to 0.8 ppm</p><p>Group 5: 0.8 to 1 ppm</p><p>Group 6: 1 to 1.4 ppm</p>,<p>Dental fluorosis (Dean's Index); caries data also evaluated within the study but excluded from review due to study design</p><p>Age at assessment: 10 to 12 years</p>,<p>Niigata University</p>,,
Venkateswarlu 1952,1952,PUB,24007329,"<p><b>FLUOROSIS STUDY</b></p><p>Country of study: India and Switzerland</p><p>Geographic location: villages in the Visakhapatnam area (India), and 3 villages in Switzerland</p><p>Year of study: not stated</p><p>Year of change in fluoridation study: NA</p><p>Study design: cross-sectional</p>",<p>Inclusion criteria: children aged 3 to 14 years; areas with ≤ 2 ppm F in water supplies</p><p>Exclusion criteria: none stated</p><p>Other sources of fluoride: not stated</p><p>SES: not stated</p><p>Ethnicity: not stated</p><p>Residential history: not stated</p><p>Other confounding factors: not stated</p>,<p>All natural fluoridation</p><p>Group 1: 0.3 ppm</p><p>Group 2: 0.5 ppm</p><p>Group 3: 0.5 ppm</p><p>Group 4: 0.9 ppm</p><p>Group 5: 0.9 ppm</p><p>Group 6: 0.9 ppm</p><p>Group 7: 0.9 ppm</p><p>Group 8: 1 ppm</p><p>Group 9: 1.3 ppm</p><p>Group 10: 1.4 ppm</p><p>Group 11: 0.5 to 0.8 ppm</p><p>Group 12: 0.4 to 1.6 ppm</p>,<p>Dental fluorosis (Dean's Index); caries data also evaluated within the study but excluded from review due to study design</p><p>Age at assessment: 3 to 14 years</p>,<p>Not stated</p>,,
Vignarajah 1993,1993,PUB,24007331,<p><b>FLUOROSIS STUDY</b></p><p>Country of study: Antigua</p><p>Geographic location: urban and rural areas in Antigua</p><p>Year of study: not stated</p><p>Year of change in fluoridation status: NA</p><p>Study design: cross-sectional</p>,<p>Inclusion criteria: children aged 12 to 14 years; lifetime residents of study areas</p><p>Exclusion criteria: restored or fractured tooth surfaces</p><p>Other sources of fluoride: toothpaste swallowing when younger; consumption of mixed sources of water; fluoride mouth rinses</p><p>SES: not stated</p><p>Ethnicity: not stated</p><p>Residential history: lifetime residents</p><p>Other confounding factors: not stated</p>,<p>All natural fluoridation</p><p>Group 1: 0.6 to 1 ppm</p><p>Group 2: 0.1-0.3 ppm</p>,<p>Dental fluorosis (TSIF)</p><p>Age at assessment: 12 to 14 years</p>,<p>Not stated</p>,,
Vilasrao 2014,2014,PUB,24007333,<p><b>FLUOROSIS STUDY</b></p><p>Country of study: India</p><p>Geographic location: 7 districts of the Chhattisgarh State</p><p>Year of study: 2013 to 2014</p><p>Year of change in fluoridation status: NA</p><p>Study design: cross-sectional</p>,<p>Inclusion criteria: none stated</p><p>Exclusion criteria: none stated</p><p>Other sources of fluoride: not stated</p><p>Ethnicity: not stated</p><p>SES: not stated</p><p>Residential history: not stated</p><p>Other confounding factors: not stated</p>,<p>All natural fluoridation</p><p>Group 1: 3.8 ppm</p><p>Group 2: 2.5 ppm</p><p>Group 3: 2.0 ppm</p><p>Group 4: 3.0 ppm</p><p>Group 5: 2.2 ppm</p><p>Group 6: 2.8 ppm</p><p>Group 7: 3.3 ppm</p>,"<p>Dental fluorosis (assessed using: mottled enamel, chalk white, yellowish brown or brownish black, horizontal streaks over teeth); bowing of legs/spine also evaluated</p>",<p>Ministry of Health and Family Welfare</p>,,
Villa 1998,1998,PUB,24007335,"<p><b>FLUOROSIS STUDY</b></p><p>Country of study: Chile</p><p>Geographic location: Rancagua (non-F), Santiago (low-F), La Serena (medium-F), San Felipe and Iquique (high-F)</p><p>Year of study: 1996</p><p>Year of change in fluoridation status: fluoride was naturally occurring</p><p>Study design: cross-sectional study</p>","<p>Inclusion criteria: lifetime residents of study areas; children aged 7, 12 and 15 years in selected schools in study areas</p><p>Exclusion criteria: none stated</p><p>Other sources of fluoride: not stated</p><p>SES: children selected from schools graded according to SES to give similar socioeconomic distribution in each study area</p><p>Ethnicity: not stated</p><p>Residential history: lifetime residents</p><p>Other confounding factors: temperature</p>",<p>All natural fluoridation </p><p>Group 1: 0.07 ppm</p><p>Group 2: 0.21 ppm</p><p>Group 3: 0.55 ppm</p><p>Group 4: 0.93 ppm</p><p>Group 5: 1.10 ppm</p>,<p>Dental fluorosis (Deans Index); caries data also evaluated within the study but excluded from review due to study design</p><p>Age at assessment: 15 years</p>,<p>Study was supported by the Chilean Council for Scientific and Technological Research (FONDECYT) through grant no. 1960993</p>,,"<p>Data extracted <a type=""STUDY"" href=""396493782792445428"">Villa 1998</a> differs from that presented in <a type=""REFERENCE"" href=""396493773947417054"">McDonagh 2000</a></p>"
Vuhahula 2009,2009,PUB,24007337,"<p><b>FLUOROSIS STUDY</b></p><p>Country of study: Tanzania</p><p>Geographic location: Arusha, Shinyanga, Manyara, Dodoma, Singida and Tabora</p><p>Year of study: not stated</p><p>Year of change in fluoridation status: NA</p><p>Study design: cross-sectional</p>","<p>Inclusion criteria: aged 12 to 18 years; lifelong residence</p><p>Exclusion criteria: in order to avoid over-scoring, teeth that were tempered with by grinding or other forms of mutilations were excluded</p><p>Other sources of fluoride: not stated</p><p>Ethnicity: not stated</p><p>SES: not stated</p><p>Residential history: mostly lifelong residents</p><p>Other confounding factors: information on 'magadi' consumption was collected, however, participants seemed to be accessing 'magadi' from different sources making the correlation of fluoride in 'magadi' versus dental fluorosis complicated</p>",<p>All natural fluoridation </p><p>Group 1: 2.2 ppm</p><p>Group 2: 2.4 ppm</p><p>Group 3: 2.5 ppm</p><p>Group 4: 4.2 ppm</p><p>Group 5: 4.7 ppm</p><p>Group 6: 5.6 ppm</p>,<p>Dental fluorosis (Dean's Index)</p><p>Age at assessment: 12 to 18 years</p>,<p>Funded by the Japanese International Cooperation Agency (JICA) of Tanzania</p>,,
Wang 1993,1993,PUB,24007339,"<p><b>FLUOROSIS STUDY</b></p><p>Country of study: China</p><p>Geographic location: Hotan, Kaxgar and Aksu, in south Xinjiang</p><p>Year of study: 1991</p><p>Year of change in fluoridation status: NA</p><p>Study design: cross-sectional</p>","<p>Inclusion criteria: children aged from 8 to 15 years living around the water source</p><p>Exclusion criteria: not stated</p><p>Other sources of fluoride: not stated</p><p>SES: farmers and herdsmen in south Xinjiang</p><p>Ethnicity: Minority, mainly Uygur ethnic group</p><p>Residential history: living in study area for a long time (""since many years ago"")</p><p>Other confounding factors: the combined effects of iodine deficiency and high fluorine; the habit of tea drinking</p>",<p>All natural fluoridation</p><p>Group 1: 1.58 ppm</p><p>Group 2: 1.85 to 2.00 ppm</p><p>Group 3: 0.48 ppm</p><p>Group 4: 2.55 ppm</p><p>Group 5: 0.43 ppm</p><p>Group 6: 0.46 ppm</p><p>Group 7: 0.43 ppm</p>,<p>Dental fluorosis (index not stated)</p><p>Age at assessment: 15 years</p>,<p>Not stated in translation</p>,,<p>Paper translated from Chinese</p>
Wang 1999,1999,PUB,24007341,"<p><b>FLUOROSIS STUDY</b></p><p>Country of study: China</p><p>Geographic location: Xindiliang Village (high F), Shiligetu Village (lower F)</p><p>Year of study: 1999</p><p>Year of change in fluoridation status: NA</p><p>Study design: cross-sectional</p>",<p>Inclusion criteria: not stated</p><p>Exclusion criteria: not stated</p><p>Other sources of fluoride: not stated</p><p>SES: not stated</p><p>Ethnicity: not stated</p><p>Residential history: not stated</p><p>Other confounding factors: not stated</p>,<p>All natural fluoridation</p><p>Group 1: 1.3 ppm</p><p>Group 2: 2 to 4 ppm</p>,<p>Dental fluorosis and skeletal fluorosis (3 grade classification for both)</p><p>Age at assessment: all ages</p>,<p>Japan International Cooperation Agency</p>,,<p>Removal of fluoride from the water in these areas was attempted in the 1980s but failed to be applied continuously.</p>
Wang 2012,2012,PUB,24007343,<p><b>FLUOROSIS STUDY</b></p><p>Country of study: China</p><p>Geographic location: not stated</p><p>Year of study: 2008 to 2009</p><p>Year of change in fluoridation status: NA</p><p>Study design: cross-sectional</p>,"<p>Inclusion criteria: not stated</p><p>Exclusion criteria: not stated</p><p>Other sources of fluoride: not stated</p><p>SES: not stated</p><p>Ethnicity: not stated</p><p>Residential history: in the mild, moderate and severe endemic areas, the authors made reference to native-born residents, but it is not clear what proportion of them constituted the entire population.</p><p>Other confounding factors: not stated</p>",<p>All natural fluoridation</p><p>Group 1: 1.3 ppm</p><p>Group 2: 2 to 4 ppm</p>,<p>Dental fluorosis (Dean's Index); skeletal fluorosis</p><p>Age at assessment: 8 to 12 years for dental fluorosis and &gt; 16 years for skeletal fluorosis</p>,<p>Supported by the Chinese government for Endemic Disease Control in 2008 to 2009.</p>,,
Warnakulasuriya 1992,1992,PUB,24007345,"<p><b>FLUOROSIS STUDY</b></p><p>Country of study: Sri Lanka</p><p>Geographic location: 4 geographic areas at same altitude and temperature from 4 districts in Sri Lanka (Galewala, Wariyapola, Kekirawa and Rambukkana)</p><p>Year of study: 1986</p><p>Year of change in fluoridation status: NA</p><p>Study design: cross-sectional</p>",<p>Inclusion criteria: lifetime residents of study areas; children aged 14 years</p><p>Exclusion criteria: children who lived more than 15 miles from school; children absent on day of examination</p><p>Other sources of fluoride: fluoride-containing toothpaste or other fluoride therapies had not been used by or on these children during time of development of primary dentition; tea consumption high</p><p>SES: wide ranges of socioeconomic differences not expected</p><p>Ethnicity: not stated</p><p>Residential history: lifetime residents</p><p>Other confounding factors: not stated</p>,<p>All natural fluoridation</p><p>Group 1: &lt; 0.39 ppm<br />Group 2: 0.4 to 0.59 ppm<br />Group 3: 0.6 to 0.79 ppm<br />Group 4: 0.8 to 0.99 ppm<br />Group 5: &gt;1.0 ppm</p>,<p>Fluorosis (Dean's Index); caries data evaluated in study but not included in review due to study design</p><p>Age at assessment: 14 years</p>,"<p>National Water Supply, Sri Lanka</p>",,
Warren 2001,2001,PUB,24007347,<p><b>FLUOROSIS STUDY</b></p><p>Country of study: USA</p><p>Geographic location: Iowa</p><p>Year of study: 1997 to 2000</p><p>Year of change in fluoridation status: unclear</p><p>Study design: cross-sectional data from within cohort study</p>,<p>Inclusion criteria: not stated</p><p>Exclusion criteria: not stated</p><p>Other sources of fluoride: fluoride dentifrice use = 159/637 (25%); dietary fluoride supplement use = 131/637 (20.6%). There was no difference in fluorosis prevalence between those who used other sources of fluoride and those who did not</p><p>Ethnicity: not stated</p><p>SES: not stated</p><p>Residential history: mostly lifelong residents</p><p>Other confounding factors: not stated</p>,<p>Group 1: &lt; 0.7 ppm (natural fluoridation)</p><p>Group 2: 0.7 to 1.2 ppm (artificial fluoridation)</p><p>Group 3: &gt; 1.2 ppm (natural fluoridation)</p>,<p>Fluorosis prevalence (TSIF)</p><p>Age at assessment: 4.5 to 5 years</p>,"<p>Supported by NIH grants 2ROl-DE09551, 2P30-10126, and CRC-RROOO5</p>",,
Wenzel 1982,1982,PUB,24007349,<p><b>FLUOROSIS STUDY</b></p><p>Country of study: Denmark</p><p>Geographic location: Naestved (F); Greve (F); Ry (non-F)</p><p>Year of study: not stated</p><p>Year of change in fluoridation status: not stated</p><p>Study design: cross-sectional</p>,<p>Inclusion criteria: lifetime residents of study areas; girls aged 12 to 15 years</p><p>Exclusion criteria: children with orthodontic appliances; history of additional fluoride use</p><p>Other sources of fluoride: only children without fluoride use were included; no attempt was made to distinguish between users and non-users of fluoridated dentifrice</p><p>SES: not stated</p><p>Ethnicity: not stated</p><p>Residential history: lifetime residents</p><p>Other confounding factors: not stated</p>,<p>Group 1: &lt; 0.2 ppm</p><p>Group 2: 1.0 ppm</p><p>Group 3: 2.4 ppm</p>,<p>Fluorosis (TF Index); skeletal maturity</p><p>Age at assessment: 12 to 14 years</p>,"<p>Sponsored by Colgate Palmolive, Denmark</p>",,"<p>Data extracted <a type=""STUDY"" href=""396493783450952542"">Wenzel 1982</a> differs from that presented in <a type=""REFERENCE"" href=""396493773947417054"">McDonagh 2000</a></p>"
Whelton 2004,2004,PUB,24007351,<p><b>FLUOROSIS STUDY</b><br/>Country of study: Republic of Ireland (RoI)<br/>Geographic location: not stated<br/>Year of study: 2001/2002<br/>Year of change in fluoridation status: 1964<br/>Study design: cross-sectional</p>,"<p>Inclusion criteria: children in Junior Infants, Second Class, Sixth Class, and Junior Certificate</p><p>Exclusion criteria: not stated</p><p>Other sources of fluoride: participants in the fluoridated group may have had additional exposure to fluoride tablets and fluoride mouth rinses</p><p>Ethnicity: not stated</p><p>SES: possession of a medical card was used in this study as a surrogate for disadvantage; RoI medical card vs no medical card = 24% vs 75% (full F = 25.2% vs 74.4%; non-F = 20.3% vs 79.4%); figures do not add up to 100%, however, study authors reported that figures included children for whom medical card details were missing.</p><p>Residential history: fluoridated group participants' home water supply had to have been fluoridated continuously since birth, and the non-fluoridated group participants' home water supply had never to have been fluoridated. No further details reported</p><p>Other confounding factors: not stated</p>",<p>Group 1: 0.8 to 1 ppm (artificial fluoridation)</p><p>Group 2: 'non-fluoridated'</p>,"<p>Fluorosis prevalence (Dean's Index); caries data (dmft/DMFT) evaluated in study but not included in review due to study design<br/>Age at assessment: 5, 8, 12 and 15 years</p>",<p>Funded by the Department of Health and Children and the Health Boards in Ireland</p>,,<p>The study authors carried out and reported power calculation for the primary outcome (DMFT) but not for the fluorosis outcome.</p>
Whelton 2006,2002. Community Dental Health. 2006,PUB,24007353,<p><b>FLUOROSIS STUDY</b><br/>Country of study: Republic of Ireland (RoI) and Northern Ireland (NI)<br/>Geographic location: not stated<br/>Year of study: 2001/2002<br/>Year of change in fluoridation status:1964<br/>Study design: cross-sectional</p>,"<p>Inclusion criteria: Junior Infants, Second Class, Sixth Class and Junior Certificate in RoI and Primary 1, Primary 4, Year 1 and Year 4 in NI</p><p>Exclusion criteria: not stated</p><p>Other sources of fluoride: participants in the fluoridated group may have had additional exposure to fluoride tablets and fluoride mouth rinses</p><p>Ethnicity: not stated</p><p>SES: possession of a medical card (MC) was used in this study as a surrogate for disadvantage in RoI, whilst receipt of low-income benefits (LIB) was used as a surrogate for disadvantage in NI. RoI full-F: MC vs no MC = 25.2% vs 74.4%; NI non-F LIB vs no LIB = 37.3% vs 61.3%; figures do not add up to 100%, however, study authors reported that figures included children for whom MC/LIB details were missing.</p><p>Residential history: fluoridated group participants' home water supply had to have been fluoridated continuously since birth and the non-fluoridation group participants' home water supply had never to have been fluoridated. No further details reported</p><p>Other confounding factors: not stated</p>",<p>Group 1 (RoI): 0.8 to 1 ppm (artificial fluoridation)</p><p>Group 2 (NI): 'non-fluoridated' - ppm not reported</p>,"<p>Fluorosis prevalence (Dean's Index); caries data (dmft/DMFT) evaluated in study but not included in review due to study design<br/>Age at assessment: 5, 8, 12 and 15 years</p>",<p>Funded by the Department of Health and Children and the Health Boards in Ireland</p>,,"<p>The study authors carried out and reported power calculation for the primary outcome (DMFT), but not for the fluorosis outcome</p>"
Wondwossen 2004,2004,PUB,24007355,<p><b>FLUOROSIS STUDY</b><br/>Country of study: Ethiopia<br/>Geographic location: not stated<br/>Year of study: 1997<br/>Year of change in fluoridation status: NA<br/>Study design: cross-sectional</p>,<p>Inclusion criteria: not stated</p><p>Exclusion criteria: not stated</p><p>Other sources of fluoride: not stated</p><p>Ethnicity: not stated</p><p>SES: the villages were of approximately the same size and socioeconomic standards and were selected purposively for the study.</p><p>Residential history: fluoridated group participants' home water supply had to have been fluoridated continuously since birth and the non-fluoridation group participants' home water supply had to have never been fluoridated. No further details reported</p><p>Other confounding factors: not stated</p>,<p>All natural fluoridation</p><p>Group 1: 0.3 to 2.2 ppm</p><p>Group 2: 10 to 14 ppm</p>,<p>Fluorosis prevalence (TF Index); caries data evaluated in study but not included in review due to study design<br />Age at assessment: 12 to 15 years</p>,"<p>Supported by the Norwegian State Educational Loan Fund, NUFU Project 61/96 and the Committee for Research and Postgraduate Training, Faculty of Dentistry, University of Bergen, Norway and the Faculty of Medicine (Fluoride Project), University of Addis Ababa, Ethiopia</p>",,
Zheng 1986,1986,PUB,24007357,<p><b>FLUOROSIS STUDY</b><br/>Country of study: China<br/>Geographic location: Guangzhou and Fangcun (F); Fushan and Zhaoqing (non-F)<br/>Year of study: not stated<br/>Year of change in fluoridation status: not stated<br/>Study design: cross-sectional</p>,"<p>Inclusion criteria: students who were 7, 9, 12, 15, and 17 years old</p><p>Exclusion criteria: not stated</p><p>Other sources of fluoride: not stated, but time point of 1975 in Guangdong province of China would be mean that exposure to fluoridated toothpaste could be assumed</p><p>SES: not stated</p><p>Ethnicity: Chinese</p><p>Residential history: lifetime residents</p><p>Other confounding factors: not stated</p>",<p>Group 1: 0.6 to 1.2 ppm (artificial fluoridation)</p><p>Group 2: 0.4 to 1.2 ppm (artificial fluoridation)</p><p>Group 3: 0.2 ppm (natural fluoridation)</p><p>Group 4: 0.2 ppm (natural fluoridation)</p>,<p>Outcome: fluorosis prevalence (Dean's Index)</p><p>Age at assessment: 12 to 17 years</p>,<p>Not stated</p>,,"<p>Data extracted from <a type=""STUDY"" href=""396493783831324300"">Zheng 1986</a> differs from that presented in <a type=""REFERENCE"" href=""396493773947417054"">McDonagh 2000</a></p><p>Translated from Chinese</p>"
Zimmermann 1954,1954,PUB,24007359,"<p><b>FLUOROSIS STUDY</b><br/>Country of study: USA<br/>Geographic location: Aurora, Illinois (F); Montgomery and Prince Georges counties, Maryland (non-F)<br/>Year of study: 1953<br/>Year of change in fluoridation status: NA<br/>Study design: cross-sectional</p>",<p>Inclusion criteria: lifetime residents of study areas; white children aged 12 to 14 years</p><p>Exclusion criteria: children who had left study areas for periods of time other than for holidays</p><p>Other sources of fluoride: not stated</p><p>SES: not stated</p><p>Ethnicity: white children only</p><p>Residential history: continuous residents</p><p>Other confounding factors: not stated</p>,<p>All natural fluoridation </p><p>Group 1: 0.2 ppm </p><p>Group 2: 1.2 ppm </p>,<p>Fluorosis (Deans Index); caries data evaluated in study but not included in review due to study design<br />Age at assessment: 12 to 14 years</p>,<p>Not stated</p>,,
