Study,Year,Data source,ID: CRS,Char: Methods,Char: Participants,Char: Interventions,Char: Outcomes,Char: Notes
Ahl 1986,1986,MIX,24344867,"<p>RCT, parallel design, 2-armed trial</p><p><b>Review comparison: </b>early weight-bearing versus delayed weight-bearing</p>","<p><b>Total number of randomised participants:</b> 44</p><p><b>Source population:</b> single centre, Department of Orthopaedics, Danderyd Hospital, Sweden</p><p><b>Inclusion criteria</b>: closed dislocated fibular fracture with ruptured anterior tibiofibular ligament; surgical fixation required; &gt; 18 years of age; able to cooperate (e.g. alcohol and drug addiction, senility excluded); no concomitant injuries, except fracture of the posterior tibial margin</p><p><b>Exclusion criteria: </b>those who preferred not to participate; &lt; 18 years of age; unable to cooperate (e.g. alcoholics, drug addicts, people with senility); with other concomitant injuries interfering with the postoperative programme</p><p><b>Overall baseline characteristics</b></p><ul><li><b>Age, mean:</b> 44 years</li><li><b>Sex (m/f):</b> 22/24</li><li><b>Surgery: </b>all had surgery</li></ul><p><b>Baseline characteristics for intervention group</b></p><ul><li><b>Fracture severity:</b> Weber B/C: 18/6</li><li>Other data not reported by group</li></ul><p><b>Baseline characteristics for control group</b></p><ul><li><b>Fracture severity:</b> Weber B/C: 18/4</li><li>Other data not reported by group</li></ul>","<p><b>Timing of randomisation:</b> immediately after surgery</p><p><b>Treatment management for both groups:</b> below-knee plaster cast for 7 weeks</p><p><b>Intervention group</b></p><ul><li><b>Number randomised:</b> 24; losses: 2 (at 6 months, lost to follow-up); number analysed at each time point: 3 months (n = 18); 6 months (n = 22)</li><li>Treatment management: weight-bearing from first postoperative day</li></ul><p><b>Control group</b></p><ul><li><b>Number randomised:</b> 22; losses: 3 (at 6 months, reasons not reported); number analysed at each time point: 3 months (n = 17); 6 months (n = 19)</li><li>Treatment management: weight-bearing from fourth postoperative week</li></ul>","<p><b>Timing of assessments:</b> 3, 6, and 18 months after randomisation</p><p><b>End of treatment:</b> nil</p><p><b>End of follow-up:</b> 6-month data used as more complete than 18-month data </p><p><b>Included in this review: </b>adverse events</p><p><b>Other outcomes measured in the study:</b> activity limitation questionnaire (measured but not reported), calf circumference, radiographs, roentgen stereo-photogrammetric analysis, bone mineral content, ankle dorsiflexion and plantarflexion range of motion, swelling</p>","<p><b>Study dates:</b> March 1984 to March 1985</p><p><b>Funding sources</b>: not reported</p><p><b>Declarations of interest:</b> not reported</p><p><b>Note: </b>we received additional information from the study author, T Ahl (regarding the relationship between this study and other included references by Ahl and colleagues)</p>"
Ahl 1987,1987,MIX,24344872,"<p>RCT, parallel design, 2-armed trial</p><p><b>Review comparison: </b>early weight-bearing versus delayed weight-bearing</p>","<p><b>Total number of randomised participants: </b>53</p><p><b>Source population: </b>single centre, Department of Orthopaedics, Danderyd Hospital, Sweden</p><p><b>Inclusion criteria: </b>closed dislocated bimalleolar or trimalleolar fracture with ruptured anterior tibiofibular ligament; surgical fixation required, adults, able to cooperate (e.g. alcohol and drug addiction, senility excluded); no other injuries which could interfere with rehabilitation, except fracture of the posterior tibial margin</p><p><b>Exclusion criteria: </b>children; people with open fractures or injuries interfering with the rehabilitation program; those unable to cooperate (e.g. alcoholics and drug addicts)</p><p><b>Overall baseline characteristics</b></p><ul><li><b>Age, mean: </b>57</li><li><b>Surgery: </b>all had surgery</li></ul><p><b>Baseline characteristics for intervention group</b></p><ul><li><b>Sex (m/f): </b>10/15</li><li><b>Fracture severity: </b>Weber B/C: 12/13</li></ul><p><b>Baseline characteristics for control group</b></p><ul><li><b>Sex (m/f): </b>6/22</li><li><b>Fracture severity: </b>Weber B/C: 15/13</li></ul>","<p><b>Timing of randomisation: </b>immediately after surgery</p><p><b>Treatment management for both groups: </b>below-knee plaster cast for 7 weeks</p><p><b>Intervention group</b></p><ul><li><b>Number randomised:</b> 25; losses: 1 (reason not reported); number analysed at each time point: 3 months (n = 24); 6 months (n = 24)</li><li><b>Treatment management: </b>weight-bearing from first postoperative day</li></ul><p><b>Control group</b></p><ul><li><b>Number randomised:</b> 28; losses: 3 (1 withdrew, 1 died, reason for other participant is not clearly reported); number analysed at each time point: 3 months (n = 23); 6 months (n = 25)</li><li><b>Treatment management: </b>weight-bearing from fourth postoperative week</li></ul>","<p><b>Timing of assessments:</b> 3, 6, and 18 months after randomisation</p><p><b>End of treatment:</b> nil</p><p><b>End of follow-up:</b> 6-month data used as more complete than 18-month data</p><p><b>Included in this review:</b> adverse events</p><p><b>Other outcomes measured in the study:</b> activity limitation questionnaire (measured but not reported), calf circumference, radiographs, roentgen stereo-photogrammetric analysis, bone mineral content, ankle dorsiflexion and plantarflexion range of motion, swelling</p>","<p><b>Study dates: </b>March 1984 to April 1986</p><p><b>Funding sources: </b>not reported</p><p><b>Declarations of interest: </b>not reported</p><p><b>Note: </b>we received additional information from the study author, T Ahl (regarding the relationship between this study and other included references by Ahl and colleagues)</p>"
Ahl 1988,1988,MIX,24344877,"<p>RCT, parallel design, 2-armed trial</p><p><b>Review comparison: </b>early weight-bearing versus delayed weight-bearing</p>","<p><b>Total number of randomised participants: </b>51</p><p><b>Source population: </b>not reported</p><p><b>Inclusion criteria: </b>closed displaced lateral malleolar fracture with ruptured anterior tibiofibular ligament; surgical fixation required; adults; able to cooperate (e.g. alcohol and drug addiction, senility excluded); no other injuries which could interfere with rehabilitation, except fracture of the posterior tibial margin</p><p><b>Exclusion criteria: </b>children; people with open fractures; those with other injuries interfering with the rehabilitation program; and those unable to cooperate (e.g. alcoholics, drug addicts, and people with senility)</p><p><b>Baseline characteristics for intervention group</b></p><ul><li><b>Age, mean (range): </b>47 (18 to 74) years</li><li><b>Sex (m/f): </b>13/13</li><li><b>Surgery: </b>all had surgery</li><li><b>Fracture severity: </b>Weber B/C: 19/7</li></ul><p><b>Baseline characteristics for control group</b></p><ul><li><b>Age, mean (range): </b>39 (18 to 74) years</li><li><b>Sex (m/f): </b>12/13</li><li><b>Surgery: </b>all had surgery</li><li><b>Fracture severity: </b>Weber B/C: 15/10</li></ul>","<p><b>Timing of randomisation: </b>immediately after surgery</p><p><b>Treatment management for both groups: </b>active unloaded dorsiflexion and plantarflexion exercises 5 times/day from the second to seventh postoperative weeks</p><p><b>Intervention group</b></p><ul><li><b>Number randomised:</b> 26; losses: 5 (reasons not reported); number analysed at each time point: 3 months (n = 22); 6 months (n = 21)</li><li><b>Treatment management: </b>below-knee plaster cast in the first postoperative week, then orthosis for 7 weeks, weight-bearing after first postoperative week</li></ul><p><b>Control group</b></p><ul><li><b>Number randomised:</b> 25; losses: 3 (reasons not reported); number analysed at each time point: 3 months (n = 21); 6 months (n = 22)</li><li><b>Treatment management: </b>below-knee plaster cast in the first postoperative week, then dorsal splint for 7 weeks, non-weight-bearing</li></ul>","<p><b>Timing of assessments:</b> 3 and 6 months after randomisation</p><p><b>End of treatment:</b> nil</p><p><b>End of follow-up:</b> 6-month data used </p><p><b>Included in this review: </b>adverse events</p><p><b>Other outcomes measured in the study:</b> activity limitation questionnaire (measured but not reported), calf circumference, radiographs, roentgen stereo-photogrammetric analysis, work capacity, capacity for sports and leisure, ankle dorsiflexion and plantarflexion range of motion, swelling</p>","<p><b>Study dates: </b>not reported</p><p><b>Funding sources: </b>not reported</p><p><b>Declarations of interest: </b>not reported</p><p><b>Note: </b>we received additional information from the study author, T Ahl (regarding the relationship between this study and other included references by Ahl and colleagues)</p>"
Ahl 1993,1993,MIX,24344879,"<p>RCT, parallel design, 2-armed trial</p><p><b>Review comparisons: </b>early weight-bearing versus delayed weight-bearing; removable ankle support versus non-removable ankle support (after surgical fracture management)</p>","<p><b>Total number of randomised participants: </b>43</p><p><b>Source population: </b>not reported</p><p><b>Inclusion criteria: </b>closed displaced bimalleolar and trimalleolar fracture; surgical fixation required; adults; able to cooperate; no other injuries which could interfere with rehabilitation, except fracture of the posterior tibial margin</p><p><b>Exclusion criteria: </b>children; people with open fractures or other injuries interfering with the rehabilitation program; those unable to cooperate (e.g. alcoholics and drug addicts)</p><p><b>Baseline characteristics for intervention group</b></p><ul><li><b>Age, mean (range): </b>55 (20 to 76) years</li><li><b>Sex (m/f): </b>4/17</li><li><b>Surgery: </b>all had surgery</li><li><b>Fracture severity: </b>Lauge-Hansen supination-eversion IV/pronation-abduction III/pronation-eversion IV: 15/3/3</li></ul><p><b>Baseline characteristics for control group</b></p><ul><li><b>Age, mean (range): </b>55 (22 to 77) years</li><li><b>Sex (m/f): </b>3/16</li><li><b>Surgery: </b>all had surgery</li><li><b>Fracture severity: </b>Lauge-Hansen supination-eversion IV/pronation-abduction III/pronation-eversion IV: 13/3/3</li></ul>","<p><b>Timing of randomisation: </b>immediately after surgery</p><p><b>Treatment management for both groups: </b>active unloaded dorsiflexion and plantarflexion exercises 5 times/day from the second to seventh postoperative weeks</p><p><b>Intervention group</b></p><ul><li><b>Number analysed:</b> 21; 3 participants were excluded after randomisation; 1 participant did not want to participate in the study and the other 2 were mistakenly given a walking cast postoperatively. However, these losses were not reported by group, and we could not determine with certainty how many were randomised to each group.</li><li><b>Treatment management: </b>plaster cast in the first postoperative week, then orthosis for 7 weeks, weight-bearing after first postoperative week</li></ul><p><b>Control group</b></p><ul><li><b>Number analysed:</b> 19; 3 participants were excluded after randomisation; 1 participant did not want to participate in the study and the other 2 were mistakenly given a walking cast postoperatively. However, these losses were not reported by group, and we could not determine with certainty how many were randomised to each group.</li><li><b>Treatment management: </b>plaster cast in the first postoperative week, then dorsal splint for 7 weeks, non weight-bearing</li></ul>","<p><b>Timing of assessments:</b> 3, 6, and 18 months after randomisation</p><p><b>End of treatment:</b> nil</p><p><b>End of follow-up:</b> 18-month data used</p><p><b>Included in this review:</b> activity limitation questionnaire, adverse events</p><p><b>Other outcomes measured in the study:</b> work capacity, capacity for sports and leisure, calf circumference, radiographs, roentgen stereo-photogrammetric analysis, ankle dorsiflexion and plantarflexion range of motion</p><p><b>Note:</b> we could not use outcome data for superficial infection and local wound necrosis because these data were not reported by intervention group.</p>","<p><b>Study dates: </b>not reported</p><p><b>Funding sources: </b>not reported</p><p><b>Declarations of interest: </b>not reported</p><p><b>Note: </b>we received additional information from the study author, T Ahl (regarding the relationship between this study and other included references by Ahl and colleagues).</p>"
Bretherton 2024,,PUB,26464770,"<p>RCT, parallel design, 2-armed trial</p><p><b>Review comparison:</b> early weight-bearing versus delayed weight-bearing</p>","<p><b>Total number of randomised participants:</b> 561</p><p><b>Source population: </b>23 NHS hospitals, UK</p><p><b>Inclusion criteria:</b> adults (≥ 18 years of age), undergone operative fixation for an unstable ankle fracture, surgery performed within 14 days of injury, participant may benefit from early weight-bearing in the opinion of the treating surgeon, able and willing to give consent</p><p><b>Exclusion criteria:</b> lack of protective sensation (e.g. peripheral neuropathy), unable to adhere to trial procedures; bilateral operatively-treated ankle fractures; already in a trial for ankle fracture; received a hindfoot nail to treat index fracture</p><p><b>Baseline characteristics for intervention group</b></p><ul><li><b>Age, mean (SD): </b>48.5 (± 16.4) years</li><li><b>Sex (m/f): </b>101/179</li><li><b>Surgery:</b> all had surgery</li><li><b>Fracture severity:</b> not reported</li></ul><p><b>Baseline characteristics for control group</b></p><ul><li><b>Age, mean (SD):</b> 48.1 (± 16.6) years</li><li><b>Sex (m/f): </b>101/180</li><li><b>Surgery:</b> all had surgery</li><li><b>Fracture severity:</b> not reported</li></ul>","<p><b>Timing of randomisation: </b>average of 2 weeks after surgery</p><p><b>Treatment management for both groups:</b> all participants non-weight-bearing in first 2 weeks in immediate postoperative period. Type of ankle support and how much unloaded ankle exercise was decided by the treating clinician.  </p><p><b>Intervention group</b></p><ul><li><b>Number randomised:</b> 280</li><li><b>Treatment management:</b> weight-bearing on the injured leg, starting at 2 weeks postoperatively, and continuing for 4 weeks</li></ul><p><b>Control group</b></p><ul><li><b>Number randomised:</b> 281</li><li><b>Treatment management:</b> asked to remain non-weight-bearing for an additional 4 weeks</li></ul>","<p><b>Timing of assessments:</b> baseline, 6 weeks, 4 months, 12 months</p><p><b>End of treatment:</b> 6 weeks postoperatively</p><p><b>End of follow-up:</b> 12 months</p><p><b>Included in this review:</b> activity limitation (OMAS), HRQoL (EQ-5D-5L), adverse events</p><p><b>Other outcomes measured in the study:</b> none</p>","<p><b>Study dates:</b> 28 December 2019 to 28 October 2021 (recruitment period)</p><p><b>Funding sources:</b> NIHR Research for Patient Benefit Programme. Funding sources for individual study authors included NIHR Clinical Scientist Award, Royal College of Surgeons of England/Rosetrees Research Fellowship</p><p><b>Declarations of interest: </b>study authors declare they have no conflicts of interest</p>"
Brink 1996,1996,MIX,24344881,"<p>RCT, parallel design, 2-armed trial</p><p><b>Review comparison: </b>other rehabilitation interventions</p>","<p><b>Total number of randomised participants: </b>66</p><p><b>Source population: </b>multicentre, emergency departments at Aarhus University Hospital and Silkeborg Hospital, Denmark</p><p><b>Inclusion criteria: </b>acute (&lt; 24 hours), stable, isolated supination-eversion II fracture of the lateral malleolus; &gt; 18 years of age; no tenderness on medial side of ankle</p><p><b>Exclusion criteria: </b>if tenderness was present on the medial side of the ankle, suggesting a possible injury to the deltoid ligament, and thus a stage IV fracture</p><p><b>Baseline characteristics for intervention group</b></p><ul><li><b>Age, mean (range): </b>45 (18 to 82) years</li><li><b>Sex (m/f): </b>4/29</li><li><b>Surgery: </b>none had surgery</li><li><b>Fracture severity: </b>all had stable lateral malleolar fractures</li></ul><p><b>Baseline characteristics for control group</b></p><ul><li><b>Age, mean (range): </b>45 (18 to 84) years</li><li><b>Sex (m/f): </b>15/18</li><li><b>Surgery: </b>none had surgery</li><li><b>Fracture severity: </b>all had stable lateral malleolar fractures</li></ul>","<p><b>Timing of randomisation: </b>within 24 hours of presentation</p><p><b>Treatment management for both groups: </b>full weight-bearing within limits of pain and using crutches if necessary, rest and elevation for 3 to 5 days for swelling, brace could be removed for bathing, when resting in chair, and at night after 4 weeks</p><p><b>Intervention group</b></p><ul><li><b>Number randomised:</b> 33; losses: 2 (minor skin reaction (Aircast not worn over a sock) = 1; lost to follow-up = 1); number analysed at each time point: 1-week (n = 31); 4-week (n = 30); 6-week (n = 18) (only cases without clinically united fracture at 4 weeks were examined after 6 weeks); 12-week (n = 29)</li><li><b>Treatment management: </b>Aircast air-stirrup for an average of 39 days</li></ul><p><b>Control group</b></p><ul><li><b>Number randomised:</b> 33; losses: 1 (emigrated); number analysed at each time point: 1-week (n = 32); 4-week (n = 32); 6-week (n = 13) (only cases without clinically united fracture at 4 weeks were examined after 6 weeks); 12-week (n = 28)</li><li><b>Treatment management: </b>DonJoy orthosis with hinges unlocked for an average of 35 days</li></ul>","<p><b>Timing of assessments:</b> 1, 4, and 12 weeks after randomisation (and 6 weeks if not clinically united at 4 weeks)</p><p><b>End of treatment:</b> 4-week data used</p><p><b>End of follow-up:</b> 12-week data used</p><p><b>Included in this review:</b> activity limitation questionnaire, participant satisfaction, pain, adverse events</p><p><b>Other outcomes measured in the study:</b> radiographs, ankle dorsiflexion and plantarflexion range of motion, swelling</p>","<p><b>Study dates: </b>not reported</p><p><b>Funding sources: </b>not reported</p><p><b>Declarations of interest: </b>not reported</p><p><b>Note: </b>additional information received from O Brink (method of allocation, assessor blinding, adverse events)</p>"
Christie 1990,1990,PUB,24344885,"<p>RCT, parallel design, 2-armed trial</p><p><b>Review comparison: </b>other rehabilitation interventions (electrotherapy)</p>","<p><b>Total number of randomised participants: </b>24</p><p><b>Source population: </b>single centre, Royal Adelaide Hospital, Australia</p><p><b>Inclusion criteria: </b>acute closed ankle fracture; surgical fixation required; 15 to 61 years of age; none of the following: peripheral vascular disease, history of bleeding disorders, ankle swelling on uninvolved side, medication likely to affect swelling, previous treatment or contraindication with interferential</p><p><b>Baseline characteristics for intervention group</b></p><ul><li><b>Age, mean (range): </b>33 (19 to 52) years</li><li><b>Sex (m/f): </b>8/4</li><li><b>Surgery: </b>all had surgery</li><li><b>Fracture severity: </b>uni-/bi-/trimalleolar: 6/5/1</li></ul><p><b>Baseline characteristics for control group</b></p><ul><li><b>Age, mean (range): </b>37 (15 to 61) years</li><li><b>Sex (m/f): </b>6/6</li><li><b>Surgery: </b>all had surgery</li><li><b>Fracture severity: </b>uni-/bi-/trimalleolar: 4/3/5</li></ul>","<p><b>Timing of randomisation: </b>immediately after surgery</p><p><b>Treatment management for both groups: </b>electrodes (4) placed on the medial and lateral sides of the ankle, and the medial and lateral sides of the shank. Plaster backslab for 2 to 4 days after surgery, elevation, twice daily supervised dorsiflexion and plantarflexion exercises, then below-knee cast for an unspecified period</p><p><b>Intervention group</b></p><ul><li><b>Number randomised:</b> 12; losses: 0; number analysed at each time point: 12</li><li><b>Treatment management: </b>interferential - frequency 0 to 100 Hz, intensity 20 mA, 20 minutes/day from the physiotherapist for 2 to 4 days until below knee cast application</li></ul><p><b>Control group</b></p><ul><li><b>Number randomised:</b> 12; losses: 0; number analysed at each time point: 12</li><li><b>Treatment management: </b>sham interferential - electrodes applied but no current, 20 minutes/day from the physiotherapist for 2 to 4 days until below-knee cast application</li></ul>",<p><b>Timing of assessments:</b> 2 to 4 days after randomisation</p><p><b>End of treatment:</b> 2 to 4-day data used</p><p><b>End of follow-up:</b> nil</p><p><b>Included in this review:</b> nil</p><p><b>Other outcomes measured in the study:</b> swelling</p>,"<p><b>Study dates: </b>not reported</p><p><b>Funding sources: </b>loan of inferential unit from FSE (definition not supplied by study authors)</p><p><b>Declarations of interest: </b>not reported</p><p><b>Notes:</b> as we included no data from this study in the review, we did not complete a risk of bias assessment for this study. </p>"
Davies 1991,1991,PUB,24344887,"<p>Q-RCT, parallel design, 2-armed trial</p><p><b>Review comparison:</b> removable ankle support versus non-removable ankle support (after surgical fracture management)</p>","<p><b>Total number of randomised participants: </b>41</p><p><b>Source population: </b>single centre, East Glamorgan General Hospital, UK</p><p><b>Inclusion criteria: </b>fracture of the medial, lateral or posterior malleolus involving the articular surface; surgical fixation required; &lt; 50 years of age; no co-existing fractures of either leg; could have lateral, deltoid, or inferior tibiofibular ligament injuries</p><p><b>Baseline characteristics for intervention group</b></p><ul><li><b>Age, mean: </b>31 years</li><li><b>Sex (m/f): </b>16/5</li><li><b>Surgery: </b>all had surgery</li><li><b>Fracture severity: </b>uni-/bi-/trimalleolar: 7/11/3</li></ul><p><b>Baseline characteristics for control group</b></p><ul><li><b>Age, mean: </b>30 years</li><li><b>Sex (m/f): </b>10/10</li><li><b>Surgery: </b>internal fixation</li><li><b>Fracture severity: </b>uni-/bi-/trimalleolar: 11/6/3</li></ul>","<p><b>Timing of randomisation: </b>immediately after surgery; ""all fractures accurately reduced, firmly and rigidly internally fixed, using AO/ASIF techniques""</p><p><b>Treatment management for both groups: </b>injured leg elevation for 3 to 4 days post-operatively, non-weight-bearing with crutches until radiological union</p><p><b>Intervention group</b></p><ul><li><b>Number randomised:</b> 21; losses: 6 (reasons not reported)</li><li><b>Treatment management: </b>below-knee backslab for 24 hours, then retained for night use only for an unspecified period, continuous passive motion 12 to 15 hours/day for an average of 6 days (range of motion set to that achieved actively by the participant and then increased daily within pain limits), regular active hip, knee, toe movements, physiotherapy after hospital discharge for an average of 6 weeks</li></ul><p><b>Control group</b></p><ul><li><b>Number randomised:</b> 20; losses: 5 (reasons not reported)</li><li><b>Treatment management: </b>below-knee plaster cast for an average of 57 days, physiotherapy (if referred) after removal of plaster for an average of 3 weeks</li></ul>","<p><b>Timing of assessments:</b> before hospital discharge (timing not reported), 6 and 12 months after randomisation</p><p><b>End of treatment:</b> nil</p><p><b>End of follow-up:</b> 12-month data used</p><p><b>Included in this review:</b> pain, adverse events</p><p><b>Other outcomes measured in the study:</b> ability to resume former hobbies, return to work or full activity, subtalar range of motion, calf circumference, radiographs, ankle dorsiflexion and plantarflexion range of motion, swelling</p>",<p><b>Study dates: </b>1 January 1987 to 31 December 1988</p><p><b>Funding sources:</b> not reported</p><p><b>Declarations of interest:</b> not reported</p>
Dehghan 2016,2016,PUB,24344889,"<p>RCT, parallel design, 2-armed trial</p><p><b>Review comparisons:</b> early weight-bearing versus delayed weight-bearing; removable ankle support versus non-removable ankle support (after surgical fracture management)</p>","<p><b>Total number of randomised participants:</b> 110</p><p><b>Source population:</b> 2 x level 1 trauma centres (Sunnybrook Health Sciences Centre and St. Michael’s Hospital) in Toronto, Canada </p><p><b>Inclusion criteria:</b> acute unstable unilateral ankle fracture that was considered by the attending staff surgeon to require surgical fixation, including: isolated lateral malleolus fracture with talar shift; vertical shear medial malleolus fractures; bimalleolar fractures; trimalleolar fractures that did not require posterior fragment fixation; closed, grade I, or grade II open fractures</p><p><b>Exclusion criteria:</b> participant-related exclusion factors included: skeletal immaturity, previous ipsilateral ankle surgery, nonambulatory status before injury, inability to comply with postoperative protocol (i.e. advanced dementia), medical comorbidity precluding operative intervention, and people with workers' compensation; people with polytrauma. Fracture-related exclusion factors included: surgical fixation &gt; 14 days from time of injury; grade III open fractures; tibial plafond fractures; syndesmotic injuries/fixation; posterior malleolar fractures requiring fixation. No exclusion criteria with regard to participant age, presence of osteoporosis/osteopenia, or BMI</p><p><b>Baseline characteristics for intervention group</b></p><ul><li><b>Age, mean (SD): </b>41.7 (± 15.1) years</li><li><b>Sex (m/f):</b> 32/24</li><li><b>Surgery:</b> all had surgery</li><li><b>Fracture severity:</b> unimalleolar: 26; bimalleolar: 25; trimalleolar: 5. OTA: 44A1: 1; 44A2: 2; 44B1: 17; 44B2: 20; 44B3: 11; 44C1: 4; 44C2: 1</li></ul><p><b>Baseline characteristics for control group</b></p><ul><li><b>Age, mean (SD):</b> 42.1 (± 15.4) years</li><li><b>Sex (m/f):</b> 27/27</li><li><b>Surgery:</b> all had surgery</li><li><b>Fracture severity:</b> unimalleolar: 18; bimalleolar: 27; trimalleolar: 9. OTA: 44A1: 1; 44A2: 0; 44B1: 14; 44B2: 27; 44B3: 9; 44C1: 2; 44C2: 1</li></ul>","<p><b>Timing of randomisation:</b> at the first postoperative visit (2 weeks postoperatively)</p><p><b>Treatment management for both groups:</b> ORIF of unstable ankle fractures with rigid osteosynthesis techniques using standard surgical procedures. Postoperatively, all participants were placed in a below-knee posterior plaster slab and instructed not to bear weight. Posterior slab removed at 2-week visit before randomisation. For boot orthosis, all participants were given a night splint to use in bed while not wearing the orthosis.</p><p><b>Intervention group</b></p><ul><li><b>Number randomised: </b>56; losses at 6 weeks: 3; at 3 months: 7; at 6 months: 10; at 12 months: 6 (reasons for losses not explained); number analysed at 6 weeks: 53; at 3 months: 49; at 6 months: 56; at 12 months: 50 </li><li><b>Treatment management:</b> participants in the early WB group had their ankle placed in a boot orthosis at the 2-week postoperative visit and instructed to start full weight-bearing as tolerated. They were also instructed to remove the orthosis 4 times a day and perform ankle dorsiflexion, plantarflexion, inversion, and eversion exercises. Participants were seen by a physiotherapist, who gave them instructions regarding weight-bearing and range of motion exercises. At the 6-week postoperative visit, participants were instructed to wean from the boot orthosis over the next 2 to 4 weeks.</li></ul><p><b>Control group</b></p><ul><li><b>Number randomised:</b> 54; losses at 3 months: 3; at 6 months: 8; at 12 months: 2 (reasons for losses not explained; number analysed at 6 weeks: 54; at 3 months: 51; at 6 months: 46; at 12 months: 52 </li><li><b>Treatment management:</b> participants in the late WB group were placed in a below-knee fibreglass cast at 2 weeks postoperatively and instructed to remain non-weight-bearing for a further 4 weeks (6 weeks total). At the 6-week postoperative visit, the cast was removed, and participants were allowed to perform ankle range of motion exercises and begin full weight-bearing with the use of a boot orthosis. Participants were seen by a physiotherapist, who discussed instructions regarding weight-bearing and range of motion exercises. They were also instructed to wean from the orthosis over the next 2 to 4 weeks.</li></ul>","<p><b>Timing of assessment:</b> clinical follow-up at 2 weeks, 6 weeks, 3 months, 6 months, and 12 months</p><p><b>End of treatment:</b> 8 to 10 weeks</p><p><b>End of follow-up:</b> 12 months</p><p><b>Included in this review:</b> activity limitation, QoL, adverse events</p><p><b>Other outcomes measured in the study: </b>time to return to work, ankle dorsiflexion range of motion, plantarflexion range of motion</p>","<p><b>Study dates:</b> 2010 to 2014</p><p><b>Funding sources:</b> research grants from several sources: the COA; the OTA's Resident Research Grant; the COTS Young Investigator Award; and a PSI Resident Research Grant</p><p><b>Declarations of interest:</b> quote: ""There are no conflict of interests for any of the authors with regard to this study""</p>"
DiStasio 1994,1994,MIX,24344891,"<p>Q-RCT, parallel design, 2-armed trial</p><p><b>Review comparison: </b>removable ankle support versus non-removable ankle support (after surgical fracture management)</p>","<p><b>Total number of randomised participants: </b>61</p><p><b>Source population: </b>active-duty military personnel</p><p><b>Inclusion criteria: </b>isolated closed ankle fractures, surgical fixation required</p><p><b>Baseline characteristics </b></p><ul><li><b>Surgery: </b>all had surgery</li></ul><p>No other baseline characteristics reported</p>","<p><b>Timing of randomisation: </b>immediately after surgery; ""randomised into two groups once stable fixation was achieved""</p><p><b>Treatment management for both groups: </b>partial weight-bearing or full weight-bearing in air-stirrup after 6 weeks, syndesmosis screws (if used) removed at 6 to 8 weeks postoperatively</p><p><b>Intervention group</b></p><ul><li><b>Number randomised:</b> 30; losses: 1; number analysed at each time point: 29</li><li><b>Treatment management: </b>DonJoy orthosis for 6 weeks, physiotherapy from the first postoperative week</li></ul><p><b>Control group</b></p><ul><li><b>Number randomised:</b> 31; losses: 3; number analysed at each time point: 28</li><li><b>Treatment management: </b>below-knee cast for 6 weeks, physiotherapy after cast removal</li></ul>","<p><b>Timing of assessments:</b> 6 weeks, termination of physiotherapy (timing not reported), 3 and 6 months after randomisation</p><p><b>End of treatment:</b> nil</p><p><b>End of follow-up:</b> 6-month data used</p><p><b>Included in this review:</b> activity limitation questionnaire, adverse events</p><p><b>Other outcomes measured in the study:</b> activity limitation test (only measured in 21/61 participants), ankle range of motion (only measured in 21/61 participants), strength (only measured in 21/61 participants), swelling (only measured in 21/61 participants), time to return to full duty</p><p><b>Note:</b> we could not use data for some types of adverse events because they were not reported by intervention groups (re-operation for hardware removal, injury to superficial peroneal nerve, syndesmosis)</p>",<p><b>Study dates:</b> 1990 to 1992</p><p><b>Funding sources: </b>Bureau of Medicine and Surgery Clinical Investigation Program</p><p><b>Declarations of interest:</b> not reported</p><p><b>Note: </b>additional information received from A DiStasio (method of allocation)</p>
Dogra 1999,1999,PUB,24344893,"<p>RCT, parallel design, 2-armed trial</p><p><b>Review comparison: </b>removable ankle support versus non-removable ankle support (after surgical fracture management)</p>","<p><b>Total number of randomised participants: </b>52</p><p><b>Source population: </b>single centre, Hartlepool District General Hospital, UK</p><p><b>Inclusion criteria: </b>bimalleolar fracture; surgical fixation required; stable fixation, 16 to 65 years of age</p><p><b>Exclusion criteria: </b>people with previous ankle disease or other concomitant skeletal injury</p><p><b>Overall baseline characteristics</b></p><ul><li><b>Age, mean (range): </b>42.7 (18 to 65) years</li><li><b>Sex (m/f): </b>27/25</li><li><b>Surgery: </b>all had surgery</li><li><b>Fracture severity: </b>all had bimalleolar fracture</li></ul><p>Baseline characteristics not reported by group</p>","<p><b>Timing of randomisation: </b>within 24 hours after surgery</p><p><b>Treatment management for both groups: </b>below-knee walking cast for 4 weeks after 2 weeks in backslab, graduated weight-bearing, advice on ankle remobilisation after 6 weeks postoperatively</p><p><b>Intervention group</b></p><ul><li><b>Number randomised:</b> 26; losses: 0; number analysed at each time point: 26</li><li><b>Treatment management: </b>active ankle dorsiflexion and plantarflexion movements starting 24 hours postoperatively, 4 times 10 minutes/day for 2 weeks. Ankle resting in below-knee backslab at all other times</li></ul><p><b>Control group</b></p><ul><li><b>Number randomised:</b> 26; losses: 0; number analysed at each time point: 26</li><li><b>Treatment management: </b>ankle continuously in below-knee backslab for 2 weeks</li></ul>","<p><b>Timing of assessments:</b> 12 weeks after randomisation</p><p><b>End of treatment:</b> nil</p><p><b>End of follow-up:</b> 12-week data</p><p><b>Included in this review:</b> activity limitation questionnaire, pain, ankle range of motion, adverse events</p><p><b>Other outcomes measured in the study:</b> none</p><p><b>Note: </b>we could not use data for one case of superficial infection because these data were not reported by intervention group</p>","<p><b>Study dates: </b>not reported</p><p><b>Funding sources: </b>not reported</p><p><b>Declarations of interest: </b>not reported</p><p><b>Note: </b>additional information received from A Rangan (regarding method of randomisation, source population)</p>"
Egol 2000,2000,MIX,24344896,"<p>RCT, parallel design, 2-armed trial</p><p><b>Review comparison: </b>removable ankle support versus non-removable ankle support (after surgical fracture management)</p>","<p><b>Total number of randomised participants: </b>60</p><p><b>Source population: </b>single centre, tertiary care centre, USA</p><p><b>Inclusion criteria: </b>closed, isolated, unstable ankle fracture, surgical fixation required, complete skeletal growth, non-neuropathic joint</p><p><b>Exclusion criteria: </b>not reported</p><p><b>Baseline characteristics for intervention group</b></p><ul><li><b>Age, mean (SD): </b>39.5 (± 17.2) years</li><li><b>Sex (m/f): </b>13/14</li><li><b>Surgery: </b>all had surgery</li><li><b>Fracture severity: </b>Lauge-Hansen supination-external rotation/supination-adduction/pronation-external rotation/pronation-abduction: 24/1/1/1</li></ul><p><b>Baseline characteristics for control group</b></p><ul><li><b>Age, mean (SD): </b>45.6 (± 17.5) years</li><li><b>Sex (m/f): </b>10/18</li><li><b>Surgery: </b>all had surgery</li><li><b>Fracture severity: </b>Lauge-Hansen supination-external rotation/supination-adduction/pronation-external rotation/pronation-abduction: 22/1/1/4</li></ul>","<p><b>Timing of randomisation: </b>after surgery</p><p><b>Treatment management for both groups: </b>weight-bearing started 6 weeks postoperatively (8 weeks for those with syndesmosis screw)</p><p><b>Intervention group</b></p><ul><li><b>Number analysed:</b> 27. Overall losses, as below. Number allocated to each was not reported</li><li><b>Treatment management: </b>plaster splint 2 to 3 days postoperatively, then Aircast removable functional brace for 6 weeks, active and passive ankle and subtalar exercises 3 times/day from 3 to 4 days postoperatively</li></ul><p><b>Control group</b></p><ul><li><b>Number analysed:</b> 28. Overall losses, as below. Number allocated to each was not reported</li><li><b>Treatment management: </b>plaster splint 2 to 3 days postoperatively, then fibreglass short-leg cast for 6 weeks, physiotherapy after 6 weeks postoperatively</li></ul><p><b>Overall losses: </b>not reported by group. Moved abroad = 1; developed multiple sclerosis with severe progression of disease = 1; lost to follow-up = 3</p>","<p><b>Timing of assessments:</b> 6, 12, 26 and 52 weeks after randomisation</p><p><b>End of treatment:</b> 6-week data used</p><p><b>End of follow-up:</b> 52-week data used</p><p><b>Included in this review:</b> activity limitation questionnaire, adverse events</p><p><b>Other outcomes measured in the study:</b> quality of life (incomplete raw data and no between-group differences given), radiographs, return to work</p>","<p><b>Study dates: </b>30 June 1995 to 30 June 1997</p><p><b>Funding sources: </b>not reported</p><p><b>Declarations of interest: </b>not reported</p><p><b>Note: </b>we received additional information received from study author, K Egol (regarding method of allocation, source population)</p>"
Finsen 1989,1989,PUB,24344898,"<p>RCT, parallel design, 3-armed trial</p><p><b>Review comparisons: </b>early weight-bearing versus delayed weight-bearing; removable ankle support versus non-removable ankle support (after surgical fracture management)</p>","<p><b>Total number of randomised participants:</b> 56</p><p><b>Source population: </b>Trondheim University Hospital, Norway</p><p><b>Inclusion criteria: </b>displaced ankle fracture (must include fracture of the lateral malleolus); surgical fixation required; operation within 1 week of fracture; stable osteosynthesis allowing active ankle movement but not unprotected weight-bearing; no concomitant injury; could attend follow-up visits</p><p><b>Exclusion criteria: </b>not specified. However, we noted that participants were excluded for the following reasons: discharged before measurement of bone mineral, refusal to participate, did not attend follow-up appointments, could not manage weight-bearing routine (owing to epilepsy)</p><p><b>Baseline characteristics for weight-bearing group</b></p><ul><li><b>Age, mean (SE): </b>43 (± 5.2) years</li><li><b>Sex (m/f): </b>5/14</li><li><b>Surgery: </b>all had surgery</li><li><b>Fracture severity: </b>Weber A/B/C, uni-/bi-/trimalleolar:0/16/3, 8/4/7</li></ul><p><b>Baseline characteristics for exercise group</b></p><ul><li><b>Age, mean (SE): </b>43 (± 3.2) years</li><li><b>Sex (m/f): </b>8/10</li><li><b>Surgery: </b>all had surgery</li><li><b>Fracture severity: </b>Weber A/B/C, uni-/bi-/trimalleolar: 0/15/3, 8/4/6</li></ul><p><b>Baseline characteristics for control group</b></p><ul><li><b>Age, mean (SE): </b>40 (± 3.3) years</li><li><b>Sex (m/f): </b>8/11</li><li><b>Surgery: </b>all had surgery</li><li><b>Fracture severity: </b>Weber A/B/C, uni-/bi-/trimalleolar: 0/16/3, 8/2/9</li></ul>","<p><b>Timing of randomisation: </b>immediately after surgery</p><p><b>Treatment management for both groups: </b>full weight-bearing after 6 weeks postoperatively</p><p><b>Weight-bearing group</b></p><ul><li><b>Number randomised:</b> 19; losses: 5 (reasons not explained by group, see below); number analysed for activity limitation: 14; number analysed for adverse events: 19</li><li><b>Treatment management: </b>below-knee plaster cast with rubber walker for 6 weeks, weight-bearing as tolerated</li></ul><p><b>Exercise group</b></p><ul><li><b>Number randomised:</b> 18; losses: 5 (reasons not explained by group, see below); number analysed for activity limitation: 13; number analysed for adverse events: 18</li><li><b>Treatment management: </b>below-knee plaster cast for 3 days, ankle and subtalar range of motion exercises daily</li></ul><p><b>Control group</b></p><ul><li><b>Number randomised:</b> 19; losses: 4 (reasons not explained by group, see below); number analysed for activity limitation: 15; number analysed for adverse events: 19</li><li><b>Treatment management: </b>below-knee lightweight plaster cast for 6 weeks, non weight-bearing</li></ul><p>Overall losses: 14 (4 lost to follow-up at 8 months, a further 10 lost to follow-up at 1 year)</p>","<p><b>Timing of assessments:</b> 9, 18, 36, 52 and 104 weeks after randomisation</p><p><b>End of treatment: </b>nil</p><p><b>End of follow-up:</b> 52-week data used as more complete than 104-week data</p><p><b>Included in this review:</b> activity limitation questionnaire, adverse events</p><p><b>Other outcomes measured in the study:</b> pain (categorical scale), return to work, subtalar range of motion, radiographs, bone mineral content</p><p><b>Note: </b>some adverse event data were not described by intervention group and we could not include these data in the review (deep infection and superficial infection), ankle dorsiflexion and plantarflexion range of motion (categorical scale), swelling (categorical scale)</p>","<p><b>Study dates: </b>November 1983 and June 1985</p><p><b>Funding sources: </b>not reported</p><p><b>Declarations of interest: </b>not reported</p><p><b>Notes:</b></p><p>We have used data from this study for the following comparison groups in the review:</p><ul><li>early versus delayed weight-bearing: cast with weight-bearing versus cast with no weight-bearing</li><li>removable support versus fixed support: exercise versus cast with no weight-bearing</li></ul><p>We reported data for other possible ways to compare these study groups in <a type=""APPENDIX"" href=""437258924278140821"">Appendix 2</a>.</p>"
Fitzgerald 1994,1994,PUB,24344901,"<p>RCT, parallel design, 2-armed trial</p><p><b>Review comparison: </b>other rehabilitation interventions</p>","<p><b>Total number of randomised participants: </b>20</p><p><b>Source population: </b>single centre, emergency department of a general hospital, Ireland</p><p><b>Inclusion criteria: </b>ankle fracture, surgical fixation required, no other injuries or pathologies, adults</p><p><b>Baseline characteristics for intervention group</b></p><ul><li><b>Age, mean (range): </b>36.5 (25 to 60) years</li><li><b>Sex (m/f): </b>6/4</li><li><b>Surgery: </b>all had surgery</li><li><b>Fracture severity: </b>bi-/trimalleolar: 8/2</li></ul><p><b>Baseline characteristics for control group</b></p><ul><li><b>Age, mean (range): </b>34.8 (21 to 64) years</li><li><b>Sex (m/f): </b>7/3</li><li><b>Surgery: </b>all had surgery</li><li><b>Fracture severity: </b>bi-/trimalleolar: 7/3</li></ul>","<p><b>Timing of randomisation: </b>after surgery</p><p><b>Intervention group</b></p><ul><li><b>Number randomised:</b> 10; losses: 3 (reasons not reported); number analysed: 7</li><li><b>Treatment management: </b>compression stocking (18 mmHg at the ankle, 8 mmHg below the knee) and below-knee plaster cast for 6 weeks</li></ul><p><b>Control group</b></p><ul><li><b>Number randomised:</b> 10; losses: 0; number analysed: 10</li><li><b>Treatment management: </b>below-knee plaster cast for 6 weeks</li></ul>","<p><b>Timing of assessments:</b> baseline, 6, 12 and 18 weeks after randomisation</p><p><b>End of treatment:</b> 6-week data used</p><p><b>End of follow-up:</b> 18-week data used</p><p><b>Included in this review:</b> adverse events (zero events)</p><p><b>Other outcomes measured in the study:</b> air plethysmography, swelling</p>","<p><b>Study dates: </b>not reported</p><p><b>Funding sources: </b>not reported</p><p><b>Declarations of interest: </b>not reported</p><p><b>Notes: </b></p><ul><li>We received additional information from study author, P Fitzgerald (regarding methods of randomisation and allocation, assessor blinding, source population, adverse events, dropouts, additional data)</li><li>We did not include a third group (early weight-bearing) from the study in this review as allocation to this group was a clinical decision and not by randomisation.</li></ul>"
Franke 2008,2008,PUB,24344903,"<p>RCT, parallel design, 2-armed trial</p><p><b>Review comparison: </b>removable ankle support versus non-removable ankle support (after surgical fracture management)</p>","<p><b>Total number of randomised participants: </b>27</p><p><b>Source population: </b>single centre, Berufsgenossenschaftlichte Unfallklinik (Liability Insurance Traumatology Clinic), Ludwigshafen, Germany</p><p><b>Inclusion criteria: </b>closed, isolated, surgically-treated ankle fractures; 18 to 65 years of age; simple or bimalleolar fractures</p><p><b>Exclusion criteria: </b>open fractures, multi-fragmentary fractures and fractures requiring a positioning screw; and people with any other disorders involving restriction of mobility, limited ambulation on forearm crutches, or situations affecting the healing process (e.g. joint disease, neurological disorder, amputation)</p><p><b>Baseline characteristics for intervention group</b></p><ul><li><b>Age, median (range): </b>44.3 (20.3 to 59.4) years</li><li><b>Sex (m/f): </b>7/7</li><li><b>Surgery: </b>all had surgery</li><li><b>Fracture severity: </b>simple Weber B/bimalleolar Weber B: 13/1</li></ul><p><b>Baseline characteristics for control group</b></p><ul><li><b>Age, median (range): </b>40.8 (25 to 64.1) years</li><li><b>Sex (m/f): </b>8/5</li><li><b>Surgery: </b>all had surgery</li><li><b>Fracture severity: </b>simple Weber B/bimalleolar Weber B: 13/0</li></ul>","<p><b>Timing of randomisation: </b>not reported</p><p><b>Treatment management for both groups: </b>full weight-bearing allowed from day 15</p><p><b>Intervention group</b></p><ul><li><b>Number randomised:</b> 14; losses: 1 (personal reasons); number analysed at each time point: 13</li><li><b>Treatment management: </b>dynamic vacuum orthosis for 6 weeks. Partial weight-bearing and ankle exercises (10 degrees dorsi- and plantarflexion) from the second postoperative day. Thrombosis prophylaxis during the period of limited mobility</li></ul><p><b>Control group</b></p><ul><li><b>Number randomised:</b> 13; losses: 2 (personal reasons); number analysed at each time point: 11</li><li><b>Treatment management: </b>circular cast (with a window cut in it on the second post-operative day to permit ankle plantarflexion). After replacement by a supportive bandage, partial weight-bearing of 20 kg was prescribed from the time of wound healing to the 14th postoperative day. Participants attended physiotherapy 3 times a week for 4 weeks following their 6-week immobilisation. Thrombosis prophylaxis for the duration of immobilisation</li></ul>","<p><b>Timing of assessments:</b> 6 and 10 weeks</p><p><b>End of treatment:</b> 10-week data used</p><p><b>End of follow-up:</b> nil</p><p><b>Included in this review:</b> activity limitation questionnaire, quality of life, participant satisfaction, adverse events</p><p><b>Other outcomes measured in the study:</b> ankle dorsiflexion range of motion (categorical data), ankle plantarflexion range of motion (categorical data), time to return to work, economic parameters</p>","<p><b>Study dates: </b>not reported</p><p><b>Funding sources: </b>not reported</p><p><b>Declarations of interest: </b>not reported</p><p><b>Note: </b>we received additional information from study author, J Franke (regarding method of allocation, assessor blinding, intention to treat)</p>"
Ginandes 1999,1999,PUB,24344905,"<p>RCT, parallel design, 2-armed trial</p><p><b>Review comparison: </b>other rehabilitation interventions</p>","<p><b>Total number of randomised participants: </b>12</p><p><b>Source population: </b>multicentre, Orthopaedic Emergency Department of Massachusetts General Hospital, USA, and McLean Hospital, USA</p><p><b>Inclusion criteria: </b>acute non-displaced lateral malleolar fracture, 19 to 49 years of age, no previous fracture or arthritic condition involving the injured ankle, no coexisting illness, condition, medication or substance use that would influence bone healing or contraindicate hypnosis, fluency in English, available for the treatment period</p><p><b>Overall baseline characteristics</b></p><ul><li><b>Sex (m/f): </b>3/9</li></ul><p>No other baseline characteristics reported by group</p>","<p><b>Timing of randomisation: </b>within 48 hours of presentation</p><p><b>Treatment management for both groups: </b>cast immobilisation for 6 weeks, orthopaedic follow-up clinics at 1, 3, 6, 9, 12 weeks after injury, no physiotherapy or rehabilitation</p><p><b>Intervention group</b></p><ul><li><b>Number randomised:</b> 6; losses: 1 (withdrew prior to intervention); number analysed at each time point: 5</li><li><b>Treatment management: </b>6 individual hypnotic interventions over 12 weeks with a psychologist trained in clinical hypnosis, hypnotic audiotapes for daily home practice</li></ul><p><b>Control group</b></p><ul><li><b>Number randomised:</b> 6; losses: 0; number analysed at each time point: 6</li><li><b>Treatment management: </b>cast immobilisation for 6 weeks, orthopaedic follow-up clinics at 1, 3, 6, 9, 12 weeks after injury, no physiotherapy or rehabilitation</li></ul>","<p><b>Timing of assessments:</b> 1, 3, 6, 9 and 12 weeks after randomisation</p><p><b>End of treatment:</b> 12-week data used</p><p><b>End of follow-up:</b> nil</p><p><b>Included in this review:</b> pain </p><p><b>Other outcomes measured in the study:</b> use of analgesics, tenderness on palpation, radiographs, hypnotic induction profile, ankle dorsiflexion and plantarflexion range of motion, swelling</p>",<p><b>Study dates: </b>not reported</p><p><b>Funding sources: </b>supported by a grant from the NIH's Office of Alternative Medicine</p><p><b>Declarations of interest:</b> not reported</p>
Gorodetskyi 2010,2010,PUB,24344907,"<p>RCT, parallel design, 3-armed trial</p><p><b>Review comparison: </b>other rehabilitation interventions (electrotherapy)</p>","<p><b>Total number of randomised participants:</b> 60</p><p><b>Source population: </b>single centre; Moscow, Russia</p><p><b>Inclusion criteria: </b>surgically treated bimalleolar, AO type B2 ankle fracture with comminution and displacement of fragments, age 20 to 60 years, able to begin therapy within 24 hours of the initial procedure, compliance with the ongoing regimen of care</p><p><b>Exclusion criteria:</b> limitation that could interfere with delivery of electrical stimulation, history of epilepsy or seizure, current pregnancy, active malignancies, inability to consent to participation</p><p><b>Overall baseline characteristics</b></p><p><b>Baseline characteristics for intervention group</b></p><ul><li><b>Age, mean (range): </b>35.3 (21 to 57) years</li><li><b>Sex (m/f): </b>16/14</li><li><b>Surgery:</b> all had surgery</li><li><b>Fracture severity: </b>all had bimalleolar, AO type B2 ankle fracture with comminution and displacement of fragments</li></ul><p><b>Baseline characteristics for control group</b></p><ul><li><b>Age, mean (SD): </b>38.4 (22 to 58) years</li><li><b>Sex (m/f):</b>17/13</li><li><b>Surgery: </b>all had surgery</li><li><b>Fracture severity: </b>all had bimalleolar, AO type B2 ankle fracture with comminution and displacement of fragments</li></ul>","<p><b>Timing of randomisation: </b>no more than 24 hours after surgery</p><p><b>Treatment management for both groups:</b> standard interdisciplinary postoperative care and daily physiotherapy sessions focused on exercise to increase range of motion and mobility. Non-narcotic analgesic (Ketorolac) as needed up to 3 times per day.</p><p><b>Intervention group</b></p><ul><li><b>Number randomised:</b> 30; no losses</li><li><b>Treatment management:</b> twice-daily noninvasive interactive neurostimulation (NIN) for 10 consecutive days, delivered to the tissue at 7 different sites in the foot/ankle region via a pair of concentric electrodes placed in direct contact with the target area</li></ul><p><b>Control group</b></p><ul><li><b>Number randomised:</b> 30; no losses</li><li><b>Treatment management: </b>twice-daily sham NIN for 10 consecutive days</li></ul>","<p><b>Timing of assessments:</b> daily (measured after the morning treatment session) from day 1 to 10 of treatment.</p><p><b>End of treatment:</b> 10-day data used</p><p><b>End of follow-up:</b> nil</p><p><b>Included in this review:</b> pain, range of motion</p><p><b>Other outcomes measured in the study:</b> swelling</p>",<p><b>Study dates:</b> not reported</p><p><b>Funding sources:</b> partial funding from Neuro Resource Group</p><p><b>Declarations of interest:</b> 1 study author is a paid consultant for Neuro Resource Group; no potential conflicts of interest for other study authors</p>
Handolin 2005,2005,MIX,26464774,"<p>RCT, parallel design, 2-armed trial</p><p><b>Review comparison: </b>other rehabilitation interventions (electrotherapy)</p>","<p><b>Total number of randomised participants:</b> 16</p><p><b>Source population:</b> single centre; Department of Orthopaedics and Traumatology, Helsinki University Central Hospital, Finland</p><p><b>Inclusion criteria: </b>closed isolated Weber B lateral malleolar ankle fracture (bimalleolar or trimalleolar fracture excluded), surgical fixation required, age 18 to 65 years</p><p><b>Exclusion criteria: </b>bimalleolar and trimalleolar fractures</p><p><b>Baseline characteristics for intervention group</b></p><ul><li><b>Age, mean (range): </b>43.3 (28 to 66) years</li><li><b>Sex (m/f):</b> 3/5</li><li><b>Surgery:</b> all had surgery</li><li><b>Fracture severity:</b> Weber B unimalleolar </li></ul><p><b>Baseline characteristics for control group</b></p><ul><li><b>Age, mean (range):</b> 41.8 (22 to 59) years</li><li><b>Sex (m/f): </b>4/4</li><li><b>Surgery:</b> all had surgery</li><li><b>Fracture severity:</b> Weber B unimalleolar</li></ul>","<p><b>Timing of randomisation:</b> 2 weeks after surgery</p><p><b>Treatment management for both groups:</b> removable soft cast brace for 6 weeks, partial weight-bearing at 2 weeks postoperatively, full weight-bearing at 4 weeks postoperatively</p><p><b>Intervention group </b></p><ul><li><b>Number randomised:</b> 8; no losses; analysed: 8 </li><li><b>Treatment management:</b> active ultrasound 20 minutes/day for 6 weeks from 2 weeks postoperatively, to the lateral side of the ankle over the fracture line</li></ul><p><b>Control group</b></p><ul><li><b>Number randomised:</b> 8; no losses; analysed: 8</li><li><b>Treatment management:</b> sham ultrasound 20 minutes/day for 6 weeks from 2 weeks postoperatively, to the lateral side of the ankle over the fracture line</li></ul>","<p><b>Timing of assessment: </b>18 months after randomisation (radiographs also taken at 2, 6, 9 and 12 weeks)</p><p><b>End of treatment:</b> nil</p><p><b>End of follow-up: </b>18-month data used</p><p><b>Included in this review:</b> activity limitation questionnaire, pain, adverse events</p><p><b>Other outcomes measured in the study</b>: radiographs, computed tomography, clinical assessment of wound and ankle stability, bone mineral content, ankle dorsiflexion, range of motion, swelling</p>","<p><b>Study dates: </b>7 November 2001 to 1 January 2002</p><p><b>Funding sources:</b> research grants from the Foundation for Orthopaedical and Traumatological Research in Finland, Helsinki University Central Hospital, and the Academy of Finland. Ultrasound devices supplied by Exogen Inc.</p><p><b>Declarations of interest:</b> not reported</p><p><b>Note:</b> we received additional information from study author, L Handolin (regarding methods of randomisation and allocation, details of assessment, adverse events, dropouts, additional data)</p>"
Hedstrom 1994,1994,PUB,24344911,"<p>RCT, parallel design, 2-armed trial</p><p><b>Review comparison: </b>removable ankle support versus non-removable ankle support (after surgical fracture management)</p>","<p><b>Total number of randomised participants:</b> 53</p><p><b>Source population:</b> single centre; Sweden</p><p><b>Inclusion criteria:</b> closed lateral malleolar fracture dislocated &gt; 2 mm, surgical fixation required, adults</p><p><b>Exclusion criteria:</b> open fractures, children, unable to cooperate</p><p><b>Baseline characteristics for intervention group</b></p><ul><li><b>Age, mean (range): </b>44 (15 to 70) years</li><li><b>Sex (m/f):</b> 13/15</li><li><b>Surgery:</b> all had surgery</li><li><b>Fracture severity: </b>Lauge Hansen supination-eversion II/supination-eversion III/supination-eversion IV/pronation-abduction III/pronation-eversion III/pronation-eversion IV: 13/2/8/1/1/3</li></ul><p><b>Baseline characteristics for control group</b></p><ul><li><b>Age, mean (SD): </b>41 (16 to 71) years</li><li><b>Sex (m/f):</b> 11/14</li><li><b>Surgery:</b> all had surgery</li><li><b>Fracture severity:</b> Lauge Hansen supination-eversion II/supination-eversion III/supination-eversion IV/pronation-abduction III/pronation-eversion III/pronation-eversion IV: 10/5/7/1/1/1</li></ul>","<p><b>Timing of randomisation: </b>immediately after surgery</p><p><b>Treatment management for both groups: </b>weight-bearing</p><p><b>Intervention group</b></p><ul><li><b>Number randomised:</b> 28; losses at 18 months: 2 (lost to follow-up)</li><li><b>Treatment management: </b>orthosis for an unspecified period, unloaded dorsiflexion and plantarflexion exercises without orthosis at least 5 times/day</li></ul><p><b>Control group</b></p><ul><li><b>Number randomised: </b>25; losses at 18 months: 4 (lost to follow-up) </li><li><b>Treatment management:</b> walking cast for an unspecified period</li></ul>","<p><b>Timing of assessment:</b> 3, 6 and a minimum of 18 months after randomisation</p><p><b>End of treatment:</b> nil</p><p><b>End of follow-up:</b> 18-month data used</p><p><b>Included in this review:</b> activity limitation questionnaire, adverse events</p><p><b>Other outcomes measured in the study: </b>radiographs, ankle dorsiflexion, and plantarflexion range of motion</p>",<p><b>Study dates:</b> not reported</p><p><b>Funding sources:</b> not reported</p><p><b>Declarations of interest: </b>not reported</p>
Hernandez 2006,2006,MIX,24344913,"<p>RCT, parallel design, 2-armed trial</p><p><b>Review comparison: </b>other rehabilitation interventions (electrotherapy)</p>","<p><b>Total number of randomised participants:</b> 24</p><p><b>Source population: </b>single centre; Israel</p><p><b>Inclusion criteria:</b> closed ankle fracture, surgical fixation required, adults</p><p><b>Exclusion criteria:</b> conditions preventing mobilisation or immobilisation, history of cardiomyopathy, pacemaker use, peripheral vascular disease, females of childbearing age, and medication affecting bone metabolism</p><p><b>Baseline characteristics for intervention group</b></p><ul><li><b>Age, mean (SD):</b> 41.5 (± 13.4) years</li><li><b>Sex (m/f):</b> 8/4</li><li><b>Surgery: </b>all had surgery</li><li><b>Fracture severity, uni-/bi/trimalleolar: </b>2/9/1</li></ul><p><b>Baseline characteristics for control group</b></p><ul><li><b>Age, mean (SD):</b> 43.5 (± 14.1) years</li><li><b>Sex (m/f):</b> 8/4</li><li><b>Surgery: </b>all had surgery</li><li><b>Fracture severity, uni-/bi/trimalleolar:</b> 5/5/2</li></ul>","<p><b>Timing of randomisation: </b>24 hours after surgery</p><p><b>Treatment management for both groups:</b> walking cast for 6 weeks, weight-bearing as tolerated, passive ankle range of motion exercises for 24 hours 1 to 2 days after surgery, instructions in cast care, walking, and stairs</p><p><b>Intervention group</b></p><ul><li><b>Number randomised:</b> 12; losses: 2 (reasons not reported)</li><li><b>Treatment management:</b> electrical stimulator (Myospare) at an intensity sufficient to elicit a muscular twitch to gastrocnemius, 1 minute on/4 minutes off, for an unspecified length of time daily for 6 weeks</li></ul><p><b>Control group</b></p><ul><li><b>Number randomised:</b> 12; losses: 1 (reasons not reported)</li><li><b>Treatment management:</b> same as 'treatment for both groups'</li></ul>","<p><b>Timing of assessments:</b> 2, 6, and 12 weeks after randomisation</p><p><b>End of treatment:</b> 6-week data used</p><p><b>End of follow-up:</b> 12-week data used</p><p><b>Included in this review: </b>activity limitation questionnaire, pain, adverse events</p><p><b>Other outcomes measured in the study:</b> ankle dorsiflexion and plantarflexion range of motion, swelling</p>","<p><b>Study dates: </b>May 2004 to November 2011</p><p><b>Funding:</b> not reported</p><p><b>Declarations of interest:</b> not reported</p><p><b>Note: </b>we received additional information from study author, E Leibner (regarding additional data, dropouts).</p>"
Honigmann 2007,2007,PUB,24344916,"<p>RCT, parallel design, 2-armed trial</p><p><b>Review comparison: </b>early weight-bearing versus delayed weight-bearing</p>","<p><b>Total number of randomised participants:</b> 45</p><p><b>Source population:</b> single centre; Switzerland</p><p><b>Inclusion criteria:</b> isolated and displaced Weber A or B ankle fracture, surgical fixation required, age 16 to 65 years, BMI &lt; 35 kg/m<sup>2</sup></p><p><b>Exclusion criteria:</b> not reported</p><p><b>Baseline characteristics for intervention group</b></p><ul><li><b>Age, median (range): </b>42.5 (17.3 to 61.9)<b> </b>years</li><li><b>Sex (m/f):</b> 14/9</li><li><b>Surgery:</b> all had surgery</li><li><b>Fracture severity, Weber A/B: </b>1/22<b> </b></li></ul><p><b>Baseline characteristics for control group</b></p><ul><li><b>Age, median (range):</b> 38.1 (18.5 to 65.7) years</li><li><b>Sex (m/f):</b> 9/13</li><li><b>Surgery:</b> all had surgery</li><li><b>Fracture severity, Weber A/B: </b>0/22<b> </b></li></ul>","<p><b>Timing of randomisation:</b> after surgery</p><p><b>Treatment management for both groups:</b> partial weight-bearing with crutches, ankle range of motion exercises</p><p><b>Intervention group </b></p><ul><li><b>Number randomised:</b> 23; losses: 2 (lost to follow-up at 3 weeks, and 6 weeks); analysed: 21</li><li><b>Treatment management:</b> VACOped (removable immobilisation in a vacuum orthosis) for 6 weeks, full weight-bearing after 14 days, walking without crutches allowed at 3 weeks, orthosis off for ankle range of motion exercises and sleep</li></ul><p><b>Control group</b></p><ul><li><b>Number randomised:</b> 22; no losses; analysed: 22</li><li><b>Treatment management: </b>plaster splint 2 to 4 days, then bandage only, full weight-bearing after 6 weeks</li></ul>","<p><b>Timing of assessments:</b> 6 and 10 weeks after randomisation</p><p><b>End of treatment:</b> 6-week data used</p><p><b>End of follow-up: </b>10-week data used</p><p><b>Included in this review:</b> activity limitation questionnaire, quality of life, participant satisfaction, pain, adverse events</p><p><b>Other outcomes measured in the study: </b>return to work, duration of hospitalisation, ankle dorsiflexion and plantarflexion range of motion, swelling</p>","<p><b>Study dates:</b> not reported</p><p><b>Funding sources: </b>not reported</p><p><b>Declarations of interest:</b> not reported</p><p><b>Note:</b> we received additional information from study author, P Honigmann (method of randomisation, sex of participants, confirmation of results reported)</p>"
Jansen 2018,2018,PUB,24344918,"<p>RCT, parallel design, 2-armed trial</p><p><b>Review comparison: </b>physical therapy interventions versus usual care (or another physical therapy intervention)</p>","<p><b>Total number of randomised participants:</b> 50</p><p><b>Source population:</b> single centre, Level 1 trauma centre; Department of Trauma, Hand, Plastic and Reconstructive Surgery, University Clinics Wuerzburg, Germany </p><p><b>Inclusion criteria:</b> operatively treated unstable ankle fractures as the only injury of the lower extremity with a type B- or C-fracture in the Weber classification, the need of partial weight-bearing for 6 weeks, age &gt; 18 years, possibility to perform physiotherapy and ACM and no problems in walking before the injury</p><p><b>Exclusion criteria:</b> psychiatric comorbidities; unable to perform partial weight-bearing</p><p><b>Baseline characteristics for intervention group</b></p><ul><li><b>Age:</b> 46 (22 to 73) years (note: study authors did not state the type of average or distribution value)</li><li><b>Sex (m/f):</b> 14/11</li><li><b>Surgery:</b> all had surgery</li><li><b>Fracture severity, Weber B/C:</b> 15/10</li></ul><p><b>Baseline characteristics for control group</b></p><ul><li><b>Age:</b> 53 (22 to 73) years (note: study authors did not state the type of average or distribution value)</li><li><b>Sex (m/f):</b> 13/11</li><li><b>Surgery:</b> all had surgery</li><li><b>Fracture severity, Weber B/C:</b> 12/12 (note: data are missing for 1 participant)</li></ul>","<p><b>Timing of randomisation:</b> after surgery</p><p><b>Treatment management for both groups:</b> if required, lag screw removed after 6 weeks (prior to full weight-bearing). Additional boot applied for first 6 weeks postoperatively, depending on surgeon preference.</p><p><b>Intervention group</b></p><ul><li><b>Number randomised: </b>25; losses 3 (refused further participation); number analysed at 12 weeks: 22</li><li><b>Treatment management: </b>ACM (+PT as below) - using CAMOped device (Camoped©, OPED® GmbH, Germany). Training started 2 to 5 days postoperatively, depending on condition of soft tissue. For use 20 minutes a day in the participant's home.</li></ul><p><b>Control group</b></p><ul><li><b>Number randomised:</b> 25; losses 3 (1 excluded due to protocol violation; 2 refused further participation); number analysed at 12 weeks: 22</li><li><b>Treatment management:</b> physiotherapy. Started on POD1, daily treatment of 20 minutes during hospitalisation with focus on mobilisation of participant using 2 crutches and ability to maintain partial weight-bearing. After discharge, physiotherapy performed for 20 minutes, 2 to 3 times a week for 6 weeks, focusing on treatment of oedema and regaining ROM, avoiding forced dorsiflexion</li></ul>","<p><b>Timing of assessments:</b> clinical follow-up was performed 6 and 12 weeks after the operation</p><p><b>End of treatment:</b> 6 weeks</p><p><b>End of follow-up:</b> 12 weeks</p><p><b>Included in this review:</b> activity limitation</p><p><b>Other outcomes measured in the study:</b> able to fully weight-bear at 6 weeks, return to work, dynamic pedobarography, ankle dorsiflexion range of motion</p>",<p><b>Study dates: </b>not reported</p><p><b>Funding sources: </b>none</p><p><b>Declarations of interest: </b>none</p>
Kearney 2021,2019,PUB,26464776,"<p>RCT, parallel design, 2-armed trial</p><p><b>Review comparison:</b> removable ankle support versus non-removable ankle support (after surgical or non-surgical fracture management)</p>","<p><b>Total number of randomised participants: </b>669</p><p><b>Source population:</b> multicentre, 20 trauma units; NHS Trust sites, UK</p><p><b>Inclusion criteria: </b>≥ 18 years of age, closed ankle fracture. After 3 weeks of usual care treatment, further assessment for eligibility was made - the treating clinician decided that immobilisation (with cast or brace) was required</p><p><b>Exclusion criteria: </b>fracture secondary to known metastatic disease, complex intra-articular fracture (e.g. Pilon fracture), wound complications contraindicating a removable bracing, pre-existing neuropathic joint disease, previous ankle fracture already randomised in the present trial, unable to adhere to trial follow-up procedures, or required close contact casting</p><p><b>Baseline characteristics for intervention group</b></p><ul><li><b>Age, mean (SD):</b> 45.9 (± 16) years</li><li><b>Sex (m/f):</b> 152/183</li><li><b>Surgery:</b> 182/153</li><li><b>Fracture severity:</b> not specified</li></ul><p><b>Baseline characteristics for control group</b></p><ul><li><b>Age, mean (SD):</b> 46.7 (± 17) years</li><li><b>Sex (m/f):</b> 136/198</li><li><b>Surgery:</b> 182/152</li><li><b>Fracture severity: </b>not specified</li></ul>","<p><b>Timing of randomisation:</b> either immediately at presentation to the trauma centre (for non-operatively managed fractures) or up to 3 weeks after injury</p><p><b>Treatment management for both groups:</b> treating clinical would usually treat the fracture in a cast for a minimum of 3 weeks, whether treated operatively or non-operatively. Any adjunctive treatments (e.g. antibiotics) at the discretion of attending clinicians</p><p><b>Intervention group</b></p><ul><li><b>Number randomised:</b> 335; losses: 75 (11 withdrew, 64 missing); number analysed at final time point: 260</li><li><b>Treatment management:</b> removable braces of fixed-angle design (brand was not standardised and was dependent on local procedures). Participants encouraged (in verbal and written format) to take off the brace to complete active unloaded ankle ROM exercises as often as pain allowed, with a recommendation for each movement to be performed 10 times, 3 times a day</li></ul><p><b>Control group</b></p><ul><li><b>Number randomised: </b>334 ; losses: 92 (16 withdrew, 76 missing); number analysed at final time point: 242</li><li><b>Treatment management:</b> standard below-knee cast. Participants started active unloaded ankle ROM exercises once the cast was removed.</li></ul>","<p><b>Timing of assessments: </b>6, 10,16 weeks. 6, 12, 18 and 24 months</p><p><b>End of treatment:</b> 6 weeks</p><p><b>End of follow-up: </b>24 months</p><p><b>Included in this review: </b>activity limitation, QoL, adverse events, economic data</p><p><b>Other outcomes measured in the study: </b>fracture healing, strength</p>","<p><b>Study dates:</b> October 2017 to September 2019</p><p><b>Funding sources:</b> NIHR as part of a personal fellowship, and NIHR Oxford Biomedical Research Centre</p><p><b>Declarations of interest:</b> all study authors had no financial relationships with any organisations that might have an interest in the submitted work in the previous three years. Some authors declared membership of NIHR panels/boards or receipt of other NIHR funding</p>"
Keene 2016,2016,PUB,24344932,"<p>RCT, 3-armed cross-over design</p><p><b>Comparison group: </b>other rehabilitation interventions</p>","<p><b>Total number of randomised participants:</b> 18</p><p><b>Source population:</b> single centre; John Radcliffe NHS Hospital, Oxford, UK</p><p><b>Inclusion criteria:</b> adults ≥ 18 years of age, undergone internal fixation surgery for isolated ankle fractures</p><p><b>Exclusion criteria:</b> AO type C/suprasyndesmotic ankle fracture, inability to walk outdoors unaided prior to fracture, severe mental health disorder, any previous severe lower-limb fracture</p><p><b>Baseline characteristics (overall)</b></p><ul><li><b>Age, mean (SD):</b> 47 (± 4) years</li><li><b>Sex (m/f):</b> 10/8</li><li><b>Surgery:</b> all had surgery</li><li><b>Fracture severity, Weber A/B; uni-/bi-/trimalleolar:</b> 7/11; 4/5/9</li></ul>","<p><b>Timing of randomisation:</b> 1 hour after removal of cast at 6 weeks postoperatively</p><p><b>Treatment management for all groups:</b> supports applied according to manufacturer guidelines by the lead investigator, an experienced physical therapist</p><p><b>Intervention groups</b></p><ul><li><b>Treatment management 1:</b> stirrup brace</li><li><b>Treatment management 2:</b> Tubigrip compression bandage</li><li><b>Treatment management 3:</b> removable below-knee walker</li></ul>","<p><b>Timing of assessments: </b>after removal of each treatment option</p><p><b>End of treatment:</b> after removal of each treatment option</p><p><b>End of follow-up:</b> after removal of each treatment option</p><p><b>Included in this review: </b>no outcomes. No data available from first study time point.</p><p><b>Outcomes reported in the study report:</b> pain/comfort, ankle dorsiflexion and plantarflexion, adverse events, gait measures, step length, single support time symmetry index, step width</p>","<p><b>Study dates: </b>June 2012 to March 2013</p><p><b>Funding sources:</b> NIHR</p><p><b>Declarations of interests:</b> study authors declared no conflicts of interest</p><p><b>Note: </b>data were not available from the first study period, and we therefore did not collect any data. As we included no data from this study in the review, we did not complete a risk of bias assessment for this study. Clinical trials registration ISRCTN84536917</p>"
Keene 2022,,PUB,24344935,"<p>RCT, parallel design, 2-armed trial</p><p><b>Review comparison:</b> physical therapy interventions versus usual care (or another physical therapy intervention)</p>","<p><b>Total number of randomised participants:</b> 61</p><p><b>Source population:</b> 5 NHS hospitals; UK</p><p><b>Inclusion criteria:</b> adults ≥ 50 years of age with an ankle fracture; undergoing surgical fixation, or conservative management involving ankle immobilisation for ≥ 4 weeks</p><p><b>Exclusion criteria:</b> unable to understand spoken and written English; do not have the capacity to consent to study participation; not ambulatory prior to the injury; considered inappropriate for referral to physiotherapy (in the opinion of the clinician); unable to attend outpatient physiotherapy at a participating centre; serious concomitant disease (such as terminal illness); avulsion fractures or other fractures not requiring surgery or immobilisation for definitive management; bilateral lower limb fractures; displaced femoral neck fracture, diagnosed by CT or X-ray, &gt; 75 years of age with a history of injury</p><p><b>Baseline characteristics for intervention group</b></p><ul><li><b>Age, mean (SD):</b> 63.7 (± 10.4) years</li><li><b>Sex (m/f):</b> 11/20</li><li><b>Surgery (Y/N): </b>15/13 (data for 3 are missing) </li><li><b>Fracture severity:</b> not reported</li></ul><p><b>Baseline characteristics for control group</b></p><ul><li><b>Age, mean (SD): </b>63.3 (± 7.2) years</li><li><b>Sex (m/f):</b> 8/22</li><li><b>Surgery (Y/N):</b> 12/15 (data for 3 are missing)</li><li><b>Fracture severity:</b> not reported</li></ul>","<p><b>Timing of randomisation:</b> once the participant could mobilise with unrestricted weight-bearing and complete ankle exercises, usually at 6 to 8 weeks after injury</p><p><b>Treatment management in both groups:</b> individualised education and advice, with other aspects of health and social care continuing as normal</p><p><b>Intervention group</b></p><ul><li><b>Number randomised:</b> 31; 2 lost to follow-up; 5 did not complete final follow-up assessment; data reported for variable participant numbers for each outcome and time point</li><li><b>Treatment management:</b> progressive exercise group; home exercise and advice programme overseen by a physiotherapist over ≤ 6 sessions within 16 weeks</li></ul><p><b>Control group</b></p><ul><li><b>Number randomised: </b>30; 2 lost to follow-up; 2 did not complete final follow-up assessment; data reported for variable participant numbers for each outcome and time point</li><li><b>Treatment management:</b> best practice advice group; home exercise and advice programme initiated during single face-face sessions with a physiotherapist, and then performed unsupervised at home</li></ul>","<p><b>Timing of assessments: </b>3 and 6 months</p><p><b>End of treatment:</b> 16 weeks </p><p><b>End of follow-up:</b> 6 months</p><p><b>Included in this review:</b> activity limitation (OMAS, lower extremity function), pain (VAS), HRQoL (EQ-5D), adverse events</p><p><b>Other outcomes measured in the study:</b> fear of falls; self-efficacy; return to desired activities; walking aid use and distance; exercise adherence; health resource use; ankle joint range; muscle strength; mobility and balance</p>","<p><b>Study dates:</b> October 2018 to August 2019</p><p><b>Funding sources:</b> NIHR post-doctoral fellowship; NIHR Biomedical Research Centre; NIHR Collaboration for Leadership in Applied Health Research and cAre</p><p><b>Declarations of interest:</b> institutions of the study authors have received research grant funding from NIHR, European Union, Royal College of Surgeons England, and industry</p><p><b>Note:</b> pilot study. Follow-on study is currently in 'Ongoing studies'</p>"
Kortegangas 2019,2019,PUB,24344939,"<p>RCT, parallel design, 3-armed trial</p><p><b>Review comparison: </b>removable ankle support versus non-removable ankle support (after non-surgical fracture management)</p>","<p><b>Total number of randomised participants:</b> 247</p><p><b>Source population:</b> multicentre; 2 major trauma centres in Finland</p><p><b>Inclusion criteria:</b> all skeletally mature participants (≥ 16 years) with an isolated Weber B type fibular fracture and congruent ankle mortise (medial clear space &lt; 4 mm and ≤ 1 mm wider than the superior clear space) in the primary radiographs visiting the emergency departments; ability to walk unaided before the current trauma and enrolment &lt; 7 days after the injury</p><p><b>Exclusion criteria:</b> previous deltoid ligament injury (a history of ankle twisting injury requiring cast treatment), other important fracture in the affected ankle or foot area, current bilateral ankle fracture, concomitant tibial fracture, pathological fracture, diabetic or other neuropathy, inadequate cooperation, or permanent residence outside the catchment area</p><p><b>Baseline characteristics for intervention group (3-week orthosis)</b></p><ul><li><b>Age, mean (SD):</b> 46 (± 19) years</li><li><b>Sex (m/f):</b> 36/44</li><li><b>Surgery:</b> none had surgery</li><li><b>Fracture severity:</b> not reported</li></ul><p><b>Baseline characteristics for intervention group (3-week cast)</b></p><ul><li><b>Age, mean (SD):</b> 46 (± 17) years </li><li><b>Sex (m/f):</b> 43/40</li><li><b>Surgery:</b> none had surgery</li><li><b>Fracture severity:</b> not reported</li></ul><p><b>Baseline characteristics for control group</b></p><ul><li><b>Age, mean (SD):</b> 45 (± 18) years</li><li><b>Sex (m/f):</b> 46/38</li><li><b>Surgery:</b> none had surgery</li><li><b>Fracture severity:</b> not reported</li></ul>","<p><b>Timing of randomisation:</b> in the emergency department</p><p><b>Treatment management for both groups: </b>participants received guidance from a physiotherapist on walking with crutches. Weight-bearing was permitted in all 3 groups immediately after the application of the cast or orthosis. Participants received written and verbal instructions on how to cope with the ankle fracture and support (cast and orthosis groups) and how to remove and reapply the support (orthosis group)</p><p><b>Intervention group</b></p><ul><li><b>Number randomised: </b>80; overall losses: 14 (3 lost contact, 11 withdrew); number analysed at 12 weeks: 73; number analysed at 12 months: 66</li><li><b>Treatment management: </b>orthosis (Dynacast/Ortho-Glass; BSN medical, Rutherford College, NC) for 3 weeks. Participants in the 3-week orthosis group were instructed to wear the brace as necessary or according to comfort. They could take off the orthosis when needed and move their ankle freely. At 3 weeks, the orthosis was removed. Participants were instructed to continue weight-bearing as tolerated with no need for further bracing or support.</li></ul><p><b>Intervention group</b></p><ul><li><b>Number randomised: </b>83; overall losses 10 (2 lost contact, 7 withdrew, 1 died); number analysed at 12 weeks: 75; number analysed at 12 months: 73</li><li><b>Treatment management:</b> below-the-knee cast for 3 weeks. At 3 weeks, the cast was removed. Participants were instructed to continue weight-bearing as tolerated with no need for further bracing or support.</li></ul><p><b>Control group</b></p><ul><li><b>Number randomised:</b> 84; overall losses 11 (4 lost contact, 7 withdrew); number analysed at 12 weeks: 73; number analysed at 12 months: 73</li><li><b>Treatment management:</b> cast for 6 weeks</li></ul>","<p><b>Timing of assessments:</b> 6 and 12 weeks, and at 52 weeks (additional clinical follow-up also at 3 weeks)</p><p><b>End of treatment:</b> 6 weeks</p><p><b>End of follow-up:</b> 52 weeks</p><p><b>Included in this review:</b> activity limitation, QoL, impairment measures of pain, adverse events. </p><p><b>Other outcomes measured in the study:</b> fracture union, ankle dorsiflexion range of motion, plantarflexion range of motion</p><p>Note: in the primary analysis, we compared the 3-week orthosis group with the 6-week cast group</p>","<p><b>Study dates:</b> December 2012 to June 2016</p><p><b>Funding sources:</b> supported by state funding for university level health research (Oulu University Hospital and Tampere University Hospital)</p><p><b>Declarations of interest:</b> 1 study author declared an honorarium for a lecture. Other study authors declare no support from any organisation for the submitted publication, no financial relationships with any organisation that might have an interest in the submitted work in the previous 3 years; no other relationships or activities that could appear to have influenced the submitted work</p>"
Lehtonen 2003,2003,PUB,24344943,"<p>RCT, parallel design, 2-armed trial</p><p><b>Review comparison: </b>removable ankle support versus non-removable ankle support (after surgical fracture management)</p>","<p><b>Total number of randomised participants:</b> 100</p><p><b>Source population:</b> single centre; Section of Orthopaedics, Tampere University Hospital, Finland</p><p><b>Inclusion criteria: </b>acute (&lt; 72 hours), displaced or unstable Weber A or B ankle fractures, surgical fixation required, stable for early mobilisation, ability to cope with either protocol, no open fractures, pilon fracture, Weber C fracture needing syndesmosis screw or other severe injuries</p><p><b>Exclusion criteria:</b> fracture considered to be insufficiently stable for early mobilisation, open fracture, pilon fracture of the tibia, Weber type-C fracture of the ankle requiring screw placement across the syndesmosis, other severe injuries, and unable to cope with either of the 2 postoperative protocols</p><p><b>Baseline characteristics for intervention group</b></p><ul><li><b>Age, mean (SD):</b> 41 (±<b> </b>13) years</li><li><b>Sex (m/f):</b> 25/25</li><li><b>Surgery:</b> all had surgery</li><li><b>Fracture severity, Weber A/B; uni-/bi-/trimalleolar: </b>2/48; 30/14/6</li></ul><p><b>Baseline characteristics for control group</b></p><ul><li><b>Age, mean (SD):</b> 41 (±<b> </b>13) years</li><li><b>Sex (m/f): </b>31/19</li><li><b>Surgery: </b>all had surgery</li><li><b>Fracture severity, Weber A/B; uni-/bi-/trimalleolar: </b>2/48; 29/14/7</li></ul>","<p><b>Timing of randomisation</b>: immediately after surgery</p><p><b>Treatment management for both groups:</b> FoamWalker leg brace until randomisation, non-weight-bearing and crutches for the first 2 weeks, partial weight-bearing for the next 4 weeks, but full weight-bearing allowed at 4 weeks, strength and balance exercises 10 times/exercise, 5 to 10 times/day after 6 weeks, taping after 6 weeks as required, running, stairs and sports after achieving full ankle range of motion, orthosis for sports or strenuous activities for 3 to 6 months after injury</p><p><b>Intervention group</b></p><ul><li><b>Number randomised:</b> 50; losses: 4 at 2-year follow-up (reasons not reported by group, see below); analysed: at 2 and 6 weeks - 50; at 12 weeks - 49; at 52 weeks - 49; at 2 years - 46</li><li><b>Treatment management:</b> air-stirrup for 6 weeks, daily active and passive ankle and subtalar range of motion exercises without air-stirrup</li></ul><p><b>Control group</b></p><ul><li><b>Number randomised: </b>50; losses: 8 at 2-year follow-up (reasons not reported by group, see below); analysed: at 2 and 6 weeks - 50; at 12 weeks - 50; at 52 weeks - 47; at 2 years - 42</li><li><b>Treatment management: </b>below-knee plaster cast for 2 weeks, then fibreglass walking cast for the next 4 weeks</li></ul><p><b>Overall reasons for losses:</b> unwilling to continue in the study (4); moved to another area (3); lost to follow-up owing to alcohol-related problems (2); severe knee ligament injury (1); herniated lumbosacral disc (1); complicated rheumatoid arthritis (1) </p>","<p><b>Timing of assessments:</b> 2, 6, 12, 52 and 104 weeks after randomisation</p><p><b>End of treatment:</b> 6-week data used</p><p><b>End of follow-up:</b> 104-week data used</p><p><b>Included in this review:</b> activity limitation questionnaire, adverse events</p><p><b>Other outcomes measured in the study: </b>calf circumference, return to work, radiographs, length of hospitalisation, ankle dorsiflexion and plantarflexion range of motion, swelling</p>","<p><b>Study dates: </b>November 1995 to April 1998</p><p><b>Funding sources:</b> funding from The Medical Research Fund of the Finnish Office for Health Care Technology Assessment (Fin OHTA), Helsinki, Finland</p><p><b>Declarations of interest:</b> quote: ""None of the authors received payments or other benefits or a commitment or agreement to provide such benefits from a commercial entity. No commercial entity paid or directed, or agreed to pay or direct, any benefits to any research fund, foundation, educational institution, or other charitable or nonprofit organization with which the authors are affiliated or associated""</p>"
Lin 2008b,2008,MIX,24344945,"<p>RCT, parallel design, 2-armed trial</p><p><b>Review comparison:</b> physical therapy interventions versus usual care or other physical therapy interventions</p>","<p><b>Total number of randomised participants:</b> 94</p><p><b>Source population:</b> multicentre; 3 large teaching hospitals, Australia</p><p><b>Inclusion criteria:</b> ankle fracture treated with cast immobilisation with or without surgical fixation (average length of immobilisation = 43 days), cast removed in preceding 7 days, approval to weight-bear as tolerated or partial weight-bear, referral to outpatient physiotherapy for treatment, at least 2 out of 10 pain (VAS) in the affected ankle on equal weight-bearing at cast removal, available for the 24-week follow-up period, no concurrent pathologies</p><p><b>Exclusion criteria:</b> not reported</p><p><b>Baseline characteristics for intervention group</b></p><ul><li><b>Age, mean (SD): </b>42.5 (± 14.3) years</li><li><b>Sex (m/f):</b> 21/26</li><li><b>Surgery (Y/N):</b> 30/17</li><li><b>Fracture severity, uni- or bimalleolar/trimalleolar:</b> 30/17</li></ul><p><b>Baseline characteristics for control group</b></p><ul><li><b>Age, mean (SD): </b>40.8 (± 15.1) years</li><li><b>Sex (m/f):</b> 30/17</li><li><b>Surgery (Y/N):</b> 26/21</li><li><b>Fracture severity, uni- or bimalleolar/trimalleolar:</b> 31/16</li></ul>","<p><b>Timing of group allocation:</b> within 7 days of cast removal</p><p><b>Treatment management for both groups: </b>a physiotherapy programme including exercise, gait re-training, progression of walking aids, advice on prognosis and return to activities and ice, elevation and compression if required. After 4 weeks, participants in both groups could progress to exercise other than those from the standardised exercise programme.</p><p><b>Intervention group</b></p><ul><li><b>Number randomised:</b> 47; losses: 1 (withdrew consent); analysed: 47 (for effectiveness data), and 46 (for economic data)</li><li><b>Treatment management: </b>2 sessions a week for 4 weeks applying 3 sets of 60 seconds of large amplitude (grade III) anterior-posterior glides of the talus. The treatment could be progressed by increasing the number of repetitions, the force of application and by increasing the range of dorsiflexion in which the treatment was performed.</li></ul><p><b>Control group</b></p><ul><li><b>Number randomised: </b>47; losses: 2 (withdrew consent, lost to follow-up); analysed: 47 (for effectiveness data), and 46 (for economic data)</li><li><b>Treatment management: </b>2 sessions in the first week, followed by 1 session a week for the next 3 weeks</li></ul>","<p><b>Timing of assessments:</b> 4, 12 and 24 weeks after randomisation</p><p><b>End of treatment:</b> 4-week data used</p><p><b>End of follow-up:</b> 24-week data used</p><p><b>Included in this review:</b> activity limitation questionnaire, activity limitation test, quality of life, participant satisfaction, pain, adverse events</p><p><b>Other outcomes measured in the study: </b>return to work, return to sports and leisure activities, global perceived effect of treatment, number of days to pain-free walking, ankle dorsiflexion range of motion</p>","<p><b>Study dates: </b>November 2004 to January 2007</p><p><b>Funding:</b> funded by the Motor Accidents Authority of New South Wales, Australia, and the New South Wales Institute of Sport, Australia. CL received a scholarship from the National Health and Medical Research Council, Australia.</p><p><b>Declarations of interest:</b> not reported</p><p><b>Note: </b>we received additional information received from study author, C Lin (regarding additional data)</p>"
Losch 2002,2002,PUB,24344949,"<p>RCT, parallel design, 2-armed trial</p><p><b>Review comparison: </b>removable ankle support versus non-removable ankle support (after surgical fracture management)</p>","<p><b>Total number of randomised participants: </b>40</p><p><b>Source population:</b> single centre, Germany</p><p><b>Inclusion criteria:</b> isolated Weber C ankle fracture, surgical fixation required</p><p><b>Exclusion criteria:</b> not reported</p><p><b>Baseline characteristics for intervention group</b></p><ul><li><b>Age, mean:</b> 37 years</li><li><b>Sex (m/f): </b>8/12</li><li><b>Surgery:</b> all had surgery</li><li><b>Fracture severity:</b> Weber C</li></ul><p><b>Baseline characteristics for control group</b></p><ul><li><b>Age, mean: </b>38 years</li><li><b>Sex (m/f):</b> 8/12</li><li><b>Surgery:</b> all had surgery</li><li><b>Fracture severity: </b>Weber C</li></ul>","<p><b>Timing of group allocation:</b> not stated</p><p><b>Treatment management for both groups:</b> no details</p><p><b>Intervention group</b></p><ul><li><b>Number randomised:</b> 20; losses: 1 (reasons not reported)</li><li><b>Treatment management:</b> combi-cast orthosis for an unspecified period, 3 hours of functional rehabilitation programme given by the physiotherapist 3 times/week for an unspecified period after discharge from hospital</li></ul><p><b>Control group</b></p><ul><li><b>Number randomised: </b>20; losses: 6 (reasons not reported)</li><li><b>Treatment management:</b> walking cast for 6 weeks (but weight-bearing status not reported), non-structured physiotherapy</li></ul>","<p><b>Timing of assessments:</b> 10 weeks after randomisation</p><p><b>End of treatment:</b> nil</p><p><b>End of follow-up:</b> 10-week data used</p><p><b>Included in this review: </b>activity limitation questionnaire</p><p><b>Other outcomes measured in the study:</b> length of absence from work, radiographs, ankle dorsiflexion and plantarflexion range of motion</p>","<p><b>Study dates:</b> not reported</p><p><b>Funding sources:</b> not reported</p><p><b>Declarations of interest: </b>not reported</p><p><b>Note: </b>published in German. Study eligibility assessed by the German Cochrane Centre, data extraction performed by Erwin Scherfer and Jutta Jablonski. Risk of bias assessed by Arianne Verhagen and Nicole Donkers.</p>"
Matthews 2020,2020,PUB,24344951,"<p>RCT, parallel design, 2-armed trial</p><p><b>Review comparison:</b> removable ankle support versus non-removable ankle support (after surgical fracture management)</p>","<p><b>Total number of randomised participants: </b>157</p><p><b>Source population: </b>single centre; Nottingham University Hospitals, Nottingham, UK</p><p><b>Inclusion criteria:</b> people with isolated closed Weber B type (AO44 B1, B2, B3) ankle fractures, which are stable following ORIF; ≥ 18 years of age, living independently, capable of independently reading and completing study paperwork in English</p><p><b>Exclusion criteria:</b> inability to provide informed consent or declining to participate; co-morbidities (taking prescription medication for diabetes, non-healing leg/foot ulcers, oral or IV administered steroid users, pre-existing ankle arthritis, contralateral lower limb injury/condition, neurological disorders); at 2-week clinic visit, judgement of notable risk to satisfactory healing after early wound movement; unable to commit to weekly clinic visits</p><p><b>Baseline characteristics for intervention group</b></p><ul><li><b>Age, mean (SD):</b> 43.5 (± 15.4) years </li><li><b>Sex (m/f):</b> 35/45</li><li><b>Surgery:</b> all had surgery</li><li><b>Fracture severity:</b> all Weber B</li></ul><p><b>Baseline characteristics for control group</b></p><ul><li><b>Age, mean (SD):</b> 42.5 (± 14) years</li><li><b>Sex (m/f):</b> 41/36</li><li><b>Surgery:</b> all had surgery</li><li><b>Fracture severity:</b> all Weber B</li></ul>","<p><b>Timing of randomisation:</b> 2 weeks after surgery</p><p><b>Treatment management for both groups:</b> same treatment for first 2 weeks postoperatively. All participants were non-weight-bearing throughout the study until the 6-week review.</p><p><b>Intervention group</b></p><ul><li><b>Number randomised:</b> 80; losses at short-term follow-up: 12 (reasons not given); analysed: 68</li><li><b>Treatment management:</b> EMADE (early motion and directed exercise) physiotherapy. Combines non-weight-bearing progressive home exercises with manual therapy, advice and education between weeks 2 and 4 postoperatively. Conducted by participants up to 6 times a day. Fitted with a removable below-knee cast with Velcro straps. Weekly sessions at 30 minutes, including administration time</li></ul><p><b>Control group</b></p><ul><li><b>Number randomised:</b> 77; losses at short-term follow-up: 15 (reasons not given); analysed: 62</li><li><b>Treatment management:</b> below-knee cast. Non-weight-bearing up to the 6-week review</li></ul>","<p><b>Timing of assessments:</b> 2, 6, 12, 24 and 52 weeks</p><p><b>End of treatment:</b> 6 weeks postoperatively</p><p><b>End of follow-up: </b>52 weeks postoperatively. Data were only available for this review at 12 weeks.</p><p><b>Included in this review:</b> activity limitation, quality of life, adverse events</p><p><b>Other outcomes measured in the study:</b> return to work and driving, X-ray findings, ankle dorsiflexion and plantarflexion</p>","<p><b>Study dates:</b> not reported</p><p><b>Funding sources:</b> Centre for Sport, Exercise and Osteoarthritis Research Versus Arthritis. AO Foundation. NIHR via the Portfolio. CSP Charitable Trust. Nottingham Hospitals Charity</p><p><b>Declarations of interest:</b> not reported</p><p><b>Note:</b> some information taken from abstract and protocol publications. Outcome data and baseline characteristics were provided by study authors.</p>"
Molund 2020,2020,PUB,24344956,"<p>RCT, parallel design, 2-armed trial</p><p><b>Review comparison: </b>physical therapy interventions versus usual care or other physical therapy interventions</p>","<p><b>Total number of randomised participants: </b>113</p><p><b>Source population: </b>single centre, level 1 trauma centre; Norway</p><p><b>Inclusion criteria:</b> 18 to 65 years with dislocated or unstable closed Weber B ankle fractures, who were operated on according to the hospital’s guidelines. Only participants who were considered to have good compliance and could follow the rehabilitation protocol were included.</p><p><b>Exclusion criteria:</b> previous trauma to the tibia or fibula, previous ankle or foot surgery, symptomatic arthritis or arthrosis in the foot or ankle, generalised joint disease, multi-trauma and other diseases that impair walking, or pathological fractures</p><p><b>Baseline characteristics for intervention group</b></p><ul><li><b>Age, mean (SD): </b>43.8 (± 12.2) years</li><li><b>Sex (m/f):</b> 21/35</li><li><b>Surgery:</b> all had surgery</li><li><b>Fracture severity:</b> Weber B</li></ul><p><b>Baseline characteristics for control group</b></p><ul><li><b>Age, mean (SD):</b> 41.3 (± 11.8) years</li><li><b>Sex (m/f): </b>23/34</li><li><b>Surgery: </b>all had surgery</li><li><b>Fracture severity:</b> Weber B</li></ul>","<p><b>Timing of randomisation:</b> day after surgery</p><p><b>Treatment management for both groups: </b>both groups instructed to use crutches on stairs and on flat surfaces the day after surgery, as well as general postoperative exercises for muscular control and circulation</p><p><b>Intervention group</b></p><ul><li><b>Number randomised: </b>56; losses: 4 (lost to follow-up); number analysed at 52 weeks: 52</li><li><b>Treatment management:</b> spring-loaded ankle trainer from first postoperative day. Participants attended 3 daily sessions with 10 x 10 mins of exercise. Ankle trainer used for first 3 weeks after surgery. Then conventional rehabilitation was continued.</li></ul><p><b>Control group</b></p><ul><li><b>Number randomised:</b> 57; losses: 8 (lost to follow-up); number analysed at 52 weeks: 49</li><li><b>Treatment management:</b> use of a non-elastic band (conventional physiotherapy) for stretching the ankle in dorsal motion. Daily sessions with 10 repetitions of a 30-second hold in maximum ankle dorsal movement in 3 sets.</li></ul>","<p><b>Timing of assessments:</b> 3, 6, 12 and 52 weeks </p><p><b>End of treatment:</b> 6 weeks</p><p><b>End of follow-up:</b> 52 weeks</p><p><b>Included in this review:</b> activity limitation, impairment measures of pain</p><p><b>Other outcomes measured in the study:</b> length of hospital stay, analgesic use, use of antibiotics, ankle dorsiflexion range of motion</p>","<p><b>Study dates:</b> November 2014 to December 2017</p><p><b>Funding sources:</b> Oslo University Hospital, Norway</p><p><b>Declarations of interest: </b>none</p>"
Moseley 2005,2005,MIX,24344959,"<p>RCT, parallel design, 3-armed trial</p><p><b>Review comparison:</b> physical therapy interventions versus usual care or other physical therapy interventions</p>","<p><b>Total number of randomised participants:</b> 150</p><p><b>Source population:</b> multicentre; plaster clinics of 2 large teaching hospitals, Australia</p><p><b>Inclusion criteria:</b> ankle fracture treated with cast immobilisation with or without surgical fixation (average length of immobilisation = 45 days), cast removed in preceding 5 days, approval to weight-bear as tolerated or partial weight-bear, decreased passive ankle dorsiflexion, complete skeletal growth, no concurrent pathologies</p><p><b>Exclusion criteria: </b>not reported</p><p><b>Baseline characteristics for intervention group (long-duration stretch)</b></p><ul><li><b>Age, mean (SD):</b> 47 (± 15) years</li><li><b>Sex (m/f):</b> 24/27</li><li><b>Surgery (Y/N):</b> 24/27</li><li><b>Fracture severity, Weber A/B/C/missing: </b>9/31/3/8</li></ul><p><b>Baseline characteristics for intervention group (short-duration stretch)</b></p><ul><li><b>Age, mean (SD):</b> 47 (± 15) years</li><li><b>Sex (m/f):</b> 23/26</li><li><b>Surgery (Y/N): </b>26/23</li><li><b>Fracture severity, Weber A/B/C/missing: </b>11/30/5/3</li></ul><p><b>Baseline characteristics for control group</b></p><ul><li><b>Age, mean (SD):</b> 49 (± 15) years</li><li><b>Sex (m/f):</b> 25/25</li><li><b>Surgery (Y/N):</b> 34/16</li><li><b>Fracture severity, Weber A/B/C/missing: </b>9/30/7/4</li></ul>","<p><b>Timing of randomisation:</b> within 5 days of cast removal</p><p><b>Treatment management for all groups:</b> home exercise programme, up to 5 sessions with the physiotherapist (gait re-training and advice, ice, compression and elevation if required)</p><p><b>Intervention group (long-duration stretch)</b></p><ul><li><b>Number randomised:</b> 51; losses: 7 (reasons for losses not reported by group, see below); analysed: at 4 weeks - 46; at 3 months - 44</li><li><b>Treatment arrangement:</b> 30 minutes of stretches/day</li></ul><p><b>Intervention group (short-duration stretch)</b></p><ul><li><b>Number randomised:</b> 49; losses: 5 (reasons for losses not reported by group, see below); analysed: at 4 weeks - 46; at 3 months - 44</li><li><b>Treatment arrangement:</b> 12 sets of 30 second stretches/day, i.e. a total of 6 minutes/day</li></ul><p><b>Control group</b></p><ul><li><b>Number randomised:</b> 50; losses: 4 (reasons for losses not reported by group, see below); analysed: at 4 weeks - 47; at 3 months - 46</li><li><b>Treatment arrangement:</b> same as treatment for 'all groups'</li></ul><p><b>Overall reasons for losses:</b> declined assessment, unable to contact, partial data only</p>","<p><b>Timing of assessments:</b> 4 weeks and 3 months after randomisation</p><p><b>End of treatment:</b> 4-week data used</p><p><b>End of follow-up:</b> 3-month data used</p><p><b>Included in this review:</b> activity limitation questionnaire, activity limitation test, participant satisfaction, pain, adverse events</p><p><b>Other outcomes measured in the study: </b>return to work, return to sports and leisure activities, perceived effect of treatment, duration of physiotherapy, ankle dorsiflexion range of motion</p>","<p><b>Study dates:</b> not reported</p><p><b>Funding sources:</b> supported by University of Sydney, and National Health and Medical Research Council, Australia</p><p><b>Declarations of interest:</b> ""no commercial party having a direct financial interest in the results of the research supporting this article has or will confer a benefit upon the author(s) or upon any organisation with which the author(s) is/are associated""</p><p><b>Notes:</b></p><ul><li>We received additional information from study author, A Moseley (regarding method of randomisation, adverse events, additional data).</li><li>We pooled data from the long-duration stretch group and the short-duration stretch group as a single intervention group for data analysis.</li></ul>"
Moseley 2015,2015,PUB,24344963,"<p>RCT, parallel design, 2-armed trial</p><p><b>Review comparison:</b> physical therapy interventions versus usual care or other physical therapy interventions</p>","<p><b>Total number of randomised participants:</b> 214</p><p><b>Source population:</b> multicentre, Sydney, Australia: Royal North Shore Hospital, Royal Prince Alfred Hospital, Blacktown Mount Druitt Hospital, Prince of Wales Hospital, Ryde Hospital, Mona Vale Hospital, and Hornsby Ku-ring-gai Hospital. Although participants were screened at Hornsby Ku-ring-gai Hospital, no participants were recruited from this site.</p><p><b>Inclusion criteria:</b> isolated ankle fracture treated with immobilisation (with or without surgical fixation), immobilisation removed on the day of recruitment, approval received from the orthopaedic surgeon to bear weight as tolerated or bear partial weight, reduced ankle dorsiflexion range of motion (≥ 30 mm less motion compared with the non-fractured leg, using the weight-bearing lunge method), ankle pain ≥ 2 of 10 when 50% of body weight was borne through the affected leg, completed skeletal growth (no evidence of epiphyseal cartilage in the tibia in radiographs taken for fracture management), no concurrent pathologies (e.g. symptomatic osteoarthritis, stroke, other fractures) that would affect the ability to perform everyday tasks or the measurement procedures used in this trial; written informed consent</p><p><b>Exclusion criteria:</b> not specified</p><p><b>Baseline characteristics for intervention group</b></p><ul><li><b>Age, mean (SD):</b> 43.1 (± 16.5) years</li><li><b>Sex (m/f):</b> 43/63</li><li><b>Surgery:</b> ORIF, n: 47</li><li><b>Fracture severity:</b> less severe (1 malleoli fracture): 64; more severe (2 or 3 malleoli fractures or presence of dislocation regardless of number of malleoli fractures): 42</li></ul><p><b>Baseline characteristics for control group</b></p><ul><li><b>Age, mean (SD):</b> 41.3 (± 15.2) years</li><li><b>Sex (m/f):</b> 51/57</li><li><b>Surgery:</b> ORIF, n: 51</li><li><b>Fracture severity:</b> less severe: 60; more severe: 48</li></ul>","<p><b>Timing of randomisation:</b> immediately after removal of immobilisation</p><p><b>Intervention group</b></p><ul><li><b>Number randomised:</b> 106 (note that 15 received out-of-trial physical therapy); losses: 22 (15 lost contact, 7 withdrew); number analysed at final time point: 84</li><li><b>Treatment management:</b> participants in the rehabilitation group received the same advice in the fracture clinic and also participated in a supervised exercise program individually tailored, prescribed, monitored, and progressed by a physical therapist in the hospital outpatient physical therapy service. These participants were encouraged to perform the exercises at home. Three types of exercises were prescribed in the supervised exercise program: (1) ankle mobility and strengthening exercises, (2) stepping exercises, and (3) weight-bearing and balancing on the affected leg. Exercise cards were provided to participants. Participants also received gait training and advice about returning to usual work and leisure activities.</li></ul><p><b>Control group</b></p><ul><li><b>Number randomised:</b> 108 (note that 39 received out-of-trial physical therapy); losses: 22 (18 lost contact, 4 withdrew); number analysed at final time point: 86</li><li><b>Treatment management:</b> participants in the advice group were provided with a single session of self-management advice about exercise and return to activity. The advice was given by a physical therapist in the fracture clinic after removal of immobilisation. Exercise involved ankle movement in non-weight-bearing positions. Participants were given a handout summarising this advice with text and illustrations.</li></ul>","<p><b>Timing of assessments:</b> 1, 3, and 6 months</p><p><b>End of treatment:</b> 1 month</p><p><b>End of follow-up:</b> 6 months</p><p><b>Included in this review:</b> activity limitation, QoL, participant satisfaction, impairment measures of pain, adverse events, economic data</p><p><b>Other outcomes measured in the study:</b> number of days to pain-free walking, the number of days to return to full pre-fracture work, return to pre-fracture work and leisure activities, pain, walking speed, physical activity, ankle dorsiflexion range of motion</p>","<p><b>Study dates:</b> December 2010 to December 2013</p><p><b>Funding sources:</b> National Health and Medical Research Council, Australia</p><p><b>Declarations of interest:</b> none declared</p>"
Nilsson 2009,2009,MIX,24344967,"<p>RCT, parallel design, 2-armed trial</p><p><b>Review comparison:</b> physical therapy interventions versus usual care or other physical therapy interventions</p>","<p><b>Total number of randomised participants:</b> 110</p><p><b>Source population:</b> single centre; Department of Orthopaedics, University Hospital, Lund, Sweden</p><p><b>Inclusion criteria: </b>surgically treated ankle fracture, between 18 and 64 years old, living within an area of 50 kilometres from the hospital, proficient in the Swedish language, no co-existing fracture on the other or the same leg, no psychiatric diagnosis or history of drug abuse, no symptomatic osteoarthritis in the lower extremity, no rheumatic or other systemic diseases, no delayed surgery due to complications</p><p><b>Exclusion criteria: </b>disease that might influence the physical function of the lower extremity or adherence to the randomisation process</p><p><b>Baseline characteristics for intervention group</b></p><ul><li><b>Age, mean (SD): </b>males -<b> </b>34 (± 22) years; females - 51 (± 22) years</li><li><b>Sex (m/f):</b> 19/31</li><li><b>Surgery:</b> all had surgery</li><li><b>Fracture severity, uni-/bi-/trimalleolar:</b> 28/19/3<b> </b></li></ul><p><b>Baseline characteristics for control group</b></p><ul><li><b>Age, mean (SD):</b> males - 32 (± 26) years, females - 51 (± 19) years</li><li><b>Sex (m/f):</b> 24/31</li><li><b>Surgery:</b> all had surgery</li><li><b>Fracture severity, uni-/bi-/trimalleolar: </b>36/18/1 </li></ul>","<p><b>Timing of group allocation:</b> randomised the day after surgery, treatment started after plaster removal</p><p><b>Intervention group</b></p><ul><li><b>Number randomised:</b> 52; losses: 4 (2 - another disease, 2 - dropped out); analysed: at 6 months - 50; at 12 months - 48 </li><li><b>Treatment management: </b>2 physiotherapy sessions a week for 12 weeks, plus daily home exercises. The programme was based on neuromuscular principles, standardised and progressed, including range of motion, strength and balance, and stretching, weight-bearing and walking exercises</li></ul><p><b>Control group</b></p><ul><li><b>Number randomised:</b> 58; losses: 10 (dropped out); analysed: at 6 months - 55; at 12 months - 48</li><li><b>Treatment management: </b>usual care, consisting of instruction from the physician to start walking and return to normal function as soon as possible. A referral to physiotherapists was in some cases given, based on the physicians' judgement, and participants were free to seek physiotherapy if they chose.</li></ul>","<p><b>Timing of assessments: </b>6 and 12 months</p><p><b>End of treatment:</b> nil</p><p><b>End of follow-up:</b> 12-month data used</p><p><b>Included in this review:</b> activity limitation questionnaire, activity limitation test, quality of life, adverse events</p><p><b>Other outcomes measured in the study: </b>ankle dorsi- and plantarflexion range of motion, strength</p>","<p><b>Study dates:</b> January 2003 to October 2005</p><p><b>Funding sources:</b> Faculty of Medicine at Lund University and the Skane County Council, Primary Healthcare Research </p><p><b>Declarations of interest:</b> none</p><p><b>Note: </b>we received additional information from study author, G Nilsson (regarding method of randomisation, dropouts, adverse events)</p>"
Palke 2022,2022,PUB,24344970,"<p>RCT, parallel design, 2-armed trial</p><p><b>Review comparison:</b> physical therapy interventions versus usual care or other physical therapy interventions</p>","<p><b>Total number of randomised participants</b>: 53</p><p><b>Source population:</b> multicentre; 3 x level 1 trauma centres, Leipzig, Germany</p><p><b>Inclusion criteria:</b> 18 to 65 years and had undergone surgery because of an isolated closed tibial plateau or ankle fracture and received postoperative rehabilitation with partial weight-bearing of 20 kg for 6 weeks after surgical fixation</p><p><b>Exclusion criteria:</b> weight &gt; 100 kg, serious illness or poor general health that may influence rehabilitation, as judged by a physician, open fractures (&gt; 1° according to Gustilo and Anderson), severe injury, alcohol or drug addiction, pregnancy, neuromuscular disorder, or pre-existing muscle atrophy</p><p><b>Baseline characteristics for intervention group</b></p><ul><li><b>Age, mean (SD):</b> 43 (± 12) years</li><li><b>Sex (m/f):</b> 12/12</li><li><b>Surgery:</b> all had surgery</li><li><b>Fracture severity, AO Type B/C:</b> 11/13</li></ul><p><b>Baseline characteristics for control group</b></p><ul><li><b>Age, mean (SD):</b> 40 (± 13) years</li><li><b>Sex (m/f):</b> 10/11</li><li><b>Surgery:</b> all had surgery</li><li><b>Fracture severity, AO Type B/C:</b> 12/9</li></ul>","<p><b>Timing of randomisation:</b> after surgery</p><p><b>Treatment management for both groups:</b> during the hospital stay, all participants received the same therapy, including manual lymphatic drainage, cryotherapy, and physiotherapy with mobilisation under partial weight-bearing using crutches. The participants were allowed to move their affected joint freely while maintaining partial weight-bearing.</p><p><b>Intervention group</b></p><ul><li><b>Number randomised:</b> 27; losses: 5 (3 did not receive intervention, 1 discontinued treatment, 1 lost to follow-up); number analysed at final time point: 22</li><li><b>Treatment management:</b> manual lymphatic drainage, cryotherapy, and exercise for 20 minutes on an antigravity treadmill 2 to 3 times per week, according to a predefined schedule, for 6 weeks</li></ul><p><b>Control group</b></p><ul><li><b>Number randomised: </b>26; losses: 7 (5 did not receive intervention, 1 discontinued treatment, 1 lost to follow-up); number analysed at final time point: 19</li><li><b>Treatment management:</b> standard physiotherapy, including manual lymphatic drainage, cryotherapy, and 20-minute physiotherapy sessions 2 to 3 times per week for 6 weeks. Physiotherapy included passive movement and mobilisation of the operated joint and adjacent joints and gait training on crutches. Cryotherapy and lymphatic drainage were provided for 20 minutes until the swelling of the soft tissue in the affected area had subsided.</li></ul>","<p><b>Timing of assessments:</b> 6 weeks, 12 weeks, 12 months</p><p><b>End of treatment:</b> 6 weeks</p><p><b>End of follow-up:</b> 12 months after operation</p><p><b>Included in this review:</b> activity limitation</p><p><b>Other outcomes measured in the study:</b> muscular atrophy of the thigh and lower leg</p>","<p><b>Study dates:</b> August 2016 to June 2018</p><p><b>Funding sources:</b> supported by German Social Accident Insurance and the Ambulante Reha Centren, Germany</p><p><b>Declarations of interest:</b> none</p><p><b>Note:</b> study also includes tibial plateau fractures, but we have not included any data for these fracture types.</p>"
Park 2021,2021,PUB,24344976,"<p>RCT, parallel design, 2-armed trial</p><p><b>Review comparison: </b>early weight-bearing versus delayed weight-bearing</p>","<p><b>Total number of randomised participants:</b> 194</p><p><b>Source population: </b>multicentre, 6 university hospitals, Korea</p><p><b>Inclusion criteria:</b> 18 to 65 years and unstable ankle fractures, including unimalleolar fractures and bimalleolar fractures, that were stabilised after satisfactory reduction and firm internal fixation</p><p><b>Exclusion criteria: </b>ankle fractures whose stability after ORIF was questioned by the operating surgeon, fractures that required syndesmotic screw fixation, and cases with residual widening of the medial clear space or syndesmotic clear space after ORIF. Trimalleolar fractures, open fractures, pathologic fractures, and concurrent injuries that precluded following the rehabilitation protocol were also criteria for exclusion. People with obesity (BMI &gt; 30; weight &gt; 100 kg), diabetes or neuroarthropathy, and other conditions that would hinder following the study protocol were excluded.</p><p><b>Baseline characteristics for intervention group</b></p><ul><li><b>Age, mean (SD):</b> 42.7 (± 14.2) years</li><li><b>Sex (m/f):</b> 54/41</li><li><b>Surgery:</b> all had surgery</li><li><b>Fracture severity, lateral-/medial-/bi-malleolus:</b> 48/16/31</li></ul><p><b>Baseline characteristics for control group</b></p><ul><li><b>Age, mean (SD):</b> 43.1 (± 14.2) years</li><li><b>Sex (m/f):</b> 60/39</li><li><b>Surgery:</b> all had surgery</li><li><b>Fracture severity, lateral-/medial-/bi-malleolus:</b> 54/11/34</li></ul>","<p><b>Timing of randomisation: </b>at 2 weeks postoperative visit</p><p><b>Treatment management for both groups:</b> all participants underwent ORIF. Then postoperative immobilisation with posterior short-leg splint and maintained in non-weight-bearing state (with crutches) for 2 weeks. At 6 weeks, the cast or splint was removed from both groups and more active exercise was recommended.</p><p><b>Intervention group</b></p><ul><li><b>Number randomised:</b> 95; overall losses: 12 (did not turn up for final follow-up appointment); number analysed: 95 (ITT analysis used)</li><li><b>Treatment management:</b> EWB. At 2 weeks postoperatively, fitted with a removable walking cast and allowed to bear weight as tolerated for the next 4 weeks. Daily active and passive ROM exercises encouraged</li></ul><p><b>Control group</b></p><ul><li><b>Number randomised:</b> 99; losses: 15 (did not turn up for final follow-up appointment); number analysed: 99 (ITT analysis used)</li><li><b>Treatment management:</b> NWB, maintained in a non-weight-bearing state with removable splint with crutches until 6 weeks postoperatively. ROM started 2 weeks postoperatively, similar to EWB group</li></ul>","<p><b>Timing of assessments:</b> 6, 8, 12 weeks, and 12 months</p><p><b>End of treatment:</b> 6 weeks</p><p><b>End of follow-up:</b> 12 months</p><p><b>Included in this review:</b> activity limitation, participant satisfaction, adverse events</p><p><b>Other outcomes measured in the study:</b> time to return to pre-injury activities, loss of reduction, implant failure</p>",<p><b>Study dates:</b> 2014 to 2017</p><p><b>Funding sources:</b> not reported</p><p><b>Declarations of interest:</b> none</p>
Rasmussen 2006,2000,MIX,26464786,"<p>RCT, parallel design, 2-armed trial</p><p><b>Review comparison: </b>removable ankle support versus non-removable ankle support (after surgical fracture management)</p>","<p><b>Total number of randomised participants: </b>40</p><p><b>Source population: </b>single centre, Hvidovre University Hospital, Denmark</p><p><b>Inclusion criteria: </b>bimalleolar ankle fractures, Lauge-Hansen supination eversion type IV or AO classification type B2.2 injury, surgical fixation required, 18 to 55 years of age, no rupture of the tibiofibular syndesmosis, in full working capacity</p><p><b>Baseline characteristics for intervention group</b></p><ul><li><b>Age, mean (SD): </b>35.3 (± 12.1) years</li><li><b>Sex (m/f): </b>8/12</li><li><b>Surgery: </b>all had surgery</li><li><b>Fracture severity: </b>all had bimalleolar fracture</li></ul><p><b>Baseline characteristics for control group</b></p><ul><li><b>Age, mean (SD): </b>37.5 (± 9.5) years</li><li><b>Sex (m/f): </b>10/10</li><li><b>Surgery: </b>all had surgery</li><li><b>Fracture severity: </b>all had bimalleolar fracture</li></ul>","<p><b>Timing of randomisation: </b>immediately after surgery</p><p><b>Treatment management for both groups: </b>full weight-bearing with 2 crutches</p><p><b>Intervention group</b></p><ul><li><b>Number randomised:</b> 20; losses: 0; number analysed: 20</li><li><b>Treatment management: </b>below-knee plaster cast for 1 day after surgery, then pneumatic brace for 6 weeks, early active range of motion exercises, compression from pneumatic brace</li></ul><p><b>Control group</b></p><ul><li><b>Number randomised:</b> 20; losses: 1 (reason unknown); number analysed: 19</li><li><b>Treatment management: </b>below-knee plaster cast for 6 weeks</li></ul>","<p><b>Timing of assessments:</b> 6, 8 and 12 weeks, and 24 months after randomisation</p><p><b>End of treatment:</b> 6-week data used</p><p><b>End of follow-up:</b> 24-month data used</p><p><b>Included in this review:</b> activity limitation questionnaire, pain</p><p><b>Other outcomes measured in the study: </b>days of hospitalisation, radiographs, return to work, days of using crutches, ankle dorsiflexion and plantarflexion range of motion</p>","<p><b>Study dates: </b>November 1997 to February 1999</p><p><b>Funding sources: </b>not reported</p><p><b>Declarations of interest: </b>not reported</p><p><b>Note:</b> additional information received from S Rasmussen (method of allocation, assessor blinding, adverse events, dropouts, details of intervention, additional data)</p>"
Reed 1998,1998,MIX,24344981,"<p>RCT, parallel design, 2-armed trial</p><p><b>Review comparison: </b>other rehabilitation interventions</p>","<p><b>Total number of randomised participants: </b>55</p><p><b>Source population:</b> single centre; district general hospital, UK</p><p><b>Inclusion criteria:</b> ankle fractures, surgical fixation required, stable surgical fixation, adults</p><p><b>Exclusion criteria: </b>children, unsafe to leave out of backslab because of unstable fixation</p><p><b>Baseline characteristics for intervention group</b></p><ul><li><b>Age, mean (SD): </b>41.3 (± 18.3) years</li><li><b>Sex:</b> not reported</li><li><b>Surgery: </b>all had surgery</li><li><b>Fracture severity, Weber A/B/C:</b> 2/15/10</li></ul><p><b>Baseline characteristics for control group</b></p><ul><li><b>Age, mean (SD):</b> 40.3 (± 14.0) years</li><li><b>Sex:</b> not reported</li><li><b>Surgery: </b>not reported</li><li><b>Fracture severity, Weber A/B/C: </b>3/21/4</li></ul>",<p><b>Timing of randomisation:</b> immediate after surgery</p><p><b>Treatment management for both groups:</b> physiotherapy after removal of immobilisation</p><p><b>Intervention group</b></p><ul><li><b>Number randomised: </b>27; losses: 9 (reasons not reported)</li><li><b>Treatment management:</b> wool and crêpe bandage for 1 to 2 days</li></ul><p><b>Control group</b></p><ul><li><b>Number randomised:</b> 28; losses: 13 (reasons not reported)</li><li><b>Treatment management:</b> below-knee backslab for 1 to 2 days</li></ul>,"<p><b>Timing of assessments: </b>1 to 2 days after randomisation</p><p><b>End of treatment:</b> 1 to 2-day data used</p><p><b>End of follow-up: </b>nil</p><p><b>Included in this review: </b>pain</p><p><b>Other outcomes measured in the study:</b> ankle dorsiflexion range of motion, days of hospitalisation</p>","<p><b>Study dates:</b> October 1995 to February 1997</p><p><b>Funding sources:</b> not reported</p><p><b>Declarations of interest:</b> not reported</p><p><b>Note:</b> we received additional information from study author M Reed (regarding methods of randomisation and allocation, assessor blinding, details of assessment and intervention, additional data)</p>"
Romero Zepeda 2008,2008,PUB,24344983,"<p>RCT, parallel design, 2-armed trial</p><p><b>Review comparison: </b>other rehabilitation interventions</p>","<p><b>Total number of randomised participants:</b> 50</p><p><b>Source population:</b> single centre; emergency department of a general hospital, Mexico</p><p><b>Inclusion criteria: </b>ankle fracture (confirmed through x-ray), within 12 hours of fracture, both genders, &gt; 15 years of age, participants had to be able to rest for 24 hours after the bandage was applied</p><p><b>Exclusion criteria: </b>dislocation, associated fracture of the other leg, open fracture, multi-trauma, vascular or neurological diseases of the lower limb, compartment syndrome</p><p><b>Baseline characteristics for intervention group</b></p><ul><li><b>Sex (m/f):</b> 22/4</li><li><b>Surgery:</b> not clearly reported. For the purpose of this review, we have assumed that all participants were intended for surgical management, given that the intervention was an immediate intervention to reduce swelling. However, the study does not report how many participants subsequently underwent surgery.</li><li><b>Fracture severity, Weber A/B/C/missing: </b>2/18/6/0</li></ul><p><b>Baseline characteristics for control group</b></p><ul><li><b>Sex (m/f):</b> 14/10</li><li><b>Surgery: </b>not clearly reported (see above)</li><li><b>Fracture severity, Weber A/B/C/missing: </b>0/14/10/0</li></ul><p><b>Overall baseline characteristics</b></p><ul><li><b>Age, mean (SD):</b> 39.6 (± 15.39) years</li></ul>",<p><b>Timing of randomisation:</b> within 12 hours after fracture</p><p><b>Treatment management for both groups:</b> resting with the lower limb at body level for 24 hours. Metamizol (15 mg/kg/dosis) every 6 hours or ketorolac (30 mg fixed dosage) every 8 hours in case of allergies.</p><p><b>Intervention group</b></p><ul><li><b>Number randomised:</b> 26; no losses</li><li><b>Treatment management:</b> circular (Robert Jones) bandage for 24 hours</li></ul><p><b>Control group</b></p><ul><li><b>Number randomised:</b> 24; no losses</li><li><b>Treatment management: </b>backslab for 24 hours</li></ul>,"<p><b>Timing of assessments: </b>baseline, 24 hours after randomisation</p><p><b>End of treatment:</b> 24-hour data used</p><p><b>End of follow-up:</b> nil</p><p><b>Included in this review:</b> pain</p><p><b>Other outcomes measured in the study:</b> swelling</p>","<p><b>Study dates:</b> not reported</p><p><b>Funding sources:</b> not reported</p><p><b>Declarations of interest:</b> not reported</p><p><b>Notes:</b></p><ul><li>Published in Spanish (with English abstract). Study eligibility assessed by Paula Beckenkamp and Daniel Steffens; data extraction performed by Paula Beckenkamp and Rafael Zambelli Pinto.</li><li>We received additional information from study author, E Romero Zepeda (regarding method of randomisation and allocation, surgery, dropouts, adverse events)</li></ul>"
Schubert 2020,2020,PUB,24344985,"<p>RCT, parallel design, 2-armed trial</p><p><b>Review comparison: </b>early weight-bearing versus delayed weight-bearing</p>","<p><b>Total number of randomised participants: </b>50</p><p><b>Source population:</b> single centre, level I trauma centre, Australia</p><p><b>Inclusion criteria:</b> unimalleolar, bimalleolar, or trimalleolar ankle fractures with instability and/or dislocation requiring surgical fixation</p><p><b>Exclusion criteria:</b> open fractures, significant osteoporotic fractures, syndesmotic injuries requiring syndesmotic fixation, skeletally immature, nonambulatory status before injury, inability to comply with postoperative protocol, or polytrauma</p><p><b>Baseline characteristics for intervention group</b></p><ul><li><b>Age, mean (SD):</b> 46 (± 14) years</li><li><b>Sex (m/f):</b> 13/12</li><li><b>Surgery: </b>all had surgery</li><li><b>Fracture severity, uni-/bi-/tri-malleolar/AO-44B1/44B2/44b3/other: </b>11/10/4/7/7/7/4</li></ul><p><b>Baseline characteristics for control group </b></p><ul><li><b>Age, mean (SD):</b> 42 (± 16) years</li><li><b>Sex (m/f):</b> 16/9</li><li><b>Surgery:</b> all had surgery</li><li><b>Fracture severity, uni-/bi-/tri-malleolar/AO-44B1/44B2/44b3/other: </b>16/7/2/10/10/5/0</li></ul>",<p><b>Timing of randomisation: </b>2 weeks postoperative</p><p><b>Treatment management for both groups:</b> all participants were treated with ORIF. Then treated with below-knee posterior splint and kept non-weight-bearing with crutches for the first 2 weeks until wound healing. The stitches were removed and participants placed in a controlled ankle motion (CAM) walking boot. Daily active and passive ROM exercises of ankle and subtalar joints with the brace were encouraged in both groups.</p><p><b>Intervention group</b></p><ul><li><b>Number randomised:</b> 25; losses: 1 (lost to follow-up); number analysed at 6 months: 24</li><li><b>Treatment management:</b> weight-bearing in CAM walking boot. Allowed to bear weight as tolerated within the CAM boot from 2 weeks postoperatively</li></ul><p><b>Control group</b></p><ul><li><b>Number randomised: </b>25; losses: 4 (lost to follow-up); number analysed at 6 months: 21</li><li><b>Treatment management:</b> non-weight-bearing in CAM walking boot. Not allowed to bear weight for 6 weeks. Allowed ROM exercises 3 times a day out of their CAM boot.</li></ul>,"<p><b>Timing of assessments:</b> 2, 6, 12, 26 weeks postoperatively</p><p><b>End of treatment:</b> 6 weeks</p><p><b>End of follow-up:</b> 26 weeks postoperatively</p><p><b>Included in this review:</b> activity limitation, QoL, participant satisfaction, impairment measures of pain, adverse events</p><p><b>Other outcomes measured in the study:</b> none</p>",<p><b>Study dates:</b> 2012 to 2016</p><p><b>Funding sources:</b> none</p><p><b>Declarations of interest:</b> none</p>
Seiger 2009,2009,PUB,24344987,"<p>Q-RCT, parallel design, 2-armed trial</p><p><b>Review comparison:</b> other rehabilitation interventions (electrotherapy)</p>","<p><b>Total number of randomised participants: </b>14</p><p><b>Source population: </b>single centre; local orthopaedic surgeons' offices, Provo, Utah, USA</p><p><b>Inclusion criteria: </b>ankle fracture, 6 to 12 weeks postoperative, wearing a walking boot and allowed to periodically remove the boot, able to bear weight as tolerated, implanted orthopaedic metal at the fracture site, active dorsiflexion ROM &lt; 10 degrees</p><p><b>Exclusion criteria:</b> cardiac pacemaker, neuro-stimulator or fine wire implant, neurological or metabolic disorder, impaired mental cognition, severe osteoporosis, non-union of the fracture site, altered or absent temperature sensation in the lower limb, receiving concurrent physical therapy, chiropractic or osteopathic treatment for the fractured ankle</p><p><b>Baseline characteristics for intervention group</b></p><ul><li><b>Age, mean (SD): </b>45.7 (± 10.6) years</li><li><b>Sex (m/f):</b> 2/5</li><li><b>Surgery:</b> all had surgery</li><li><b>Fracture severity, Weber A/B/C/missing:</b> 0/2/2/3</li></ul><p><b>Baseline characteristics for control group</b></p><ul><li><b>Age, mean (SD): </b>37.0 (± 14.4) years</li><li><b>Sex (m/f):</b> 2/5</li><li><b>Surgery:</b> all had surgery</li><li><b>Fracture severity, Weber A/B/C/missing:</b> 0/1/2/4</li></ul>","<p><b>Timing of randomisation:</b> 6 to 12 weeks after surgical fixation, after participants were allowed to weight-bear as tolerated.</p><p><b>Treatment management for both groups: </b>ankle and foot joint mobilisations, cold gel pack, home exercises twice a day</p><p><b>Intervention group</b></p><ul><li><b>Number randomised:</b> 7; losses: 1 (stopped treatment for unknown reasons)</li><li><b>Treatment management:</b> thermal pulsed short-wave diathermy (27.12 MHz; 400 μsec; 800 pulses per second (pps); 48 W) 20 minutes twice a week for 12 sessions</li></ul><p><b>Control group</b></p><ul><li><b>Number randomised:</b> 7</li><li><b>Treatment management:</b> non-thermal pulsed short-wave diathermy (27.12 MHz; 20 μsec; 50 pps) 20 minutes twice a week for a total of 12 sessions</li></ul>","<p><b>Timing of assessments:</b> 2 to 3 times during each of the 12 treatment sessions</p><p><b>End of treatment: </b>6-week data used</p><p><b>End of follow-up:</b> nil</p><p><b>Included in this review:</b> pain, adverse events</p><p><b>Other outcomes measured in the study:</b> ankle dorsiflexion and plantarflexion range of motion, swelling</p>","<p><b>Study dates:</b> not reported</p><p><b>Funding sources:</b> not reported</p><p><b>Declarations of interest:</b> not reported</p><p><b>Note: </b>we received additional information from study author, C Seiger (regarding method of randomisation, source population)</p>"
Siddique 2005,2005,PUB,24344989,"<p>Q-RCT, parallel design, 2-armed trial</p><p><b>Review comparison: </b>removable ankle support versus non-removable ankle support (after surgical fracture management)</p>","<p><b>Total number of randomised participants: </b>44</p><p><b>Source population: </b>multicentre; 4 emergency departments within the catchment area of Merlin Park Regional Hospital, Ireland</p><p><b>Inclusion criteria:</b> isolated Weber B lateral malleolar or bimalleolar ankle fracture, no syndesmosis injury, surgery within 24 hours, age 16 to 60 years, no cognitive difficulties, available for follow-up</p><p><b>Exclusion criteria: </b>not reported</p><p><b>Baseline characteristics not reported by group</b></p><ul><li>All had surgery</li><li>All had Weber B uni- or bimalleolar fractures</li><li>No data reported for age and sex</li></ul>","<p><b>Timing of randomisation: </b>on admission to the emergency department</p><p><b>Treatment management for both groups:</b> partial weight-bearing at 4 weeks postoperatively, with gradual progression to full weight-bearing</p><p><b>Intervention group</b></p><ul><li><b>Number randomised:</b> 22; no reported losses</li><li><b>Treatment management: </b>no immobilisation</li></ul><p><b>Control group</b></p><ul><li><b>Number randomised:</b> 22; no reported losses</li><li><b>Treatment management: </b>below-knee plaster cast for 6 weeks</li></ul>","<p><b>Timing of assessments: </b>6 and 12 weeks after randomisation</p><p><b>End of treatment: </b>6-week data used</p><p><b>End of follow-up: </b>12-week data used</p><p><b>Included in this review:</b> activity limitation questionnaire, adverse events</p><p><b>Other outcomes measured in the study:</b> participant satisfaction (data incomplete), pain (data incomplete), radiographs, ankle dorsiflexion and plantarflexion range of motion</p>",<p><b>Study dates: </b>15 January 2001 to 30 November 2001</p><p><b>Funding sources: </b>not reported</p><p><b>Declarations of interest:</b> not reported</p>
Smeeing 2020,2020,PUB,24344991,"<p>RCT, parallel design, 3-armed trial</p><p><b>Review comparison</b>: early weight-bearing versus delayed weight-bearing</p>","<p><b>Total number of randomised participants:</b> 115</p><p><b>Source population:</b> multicentre, conducted in 4 teaching hospitals in the Netherlands: Diakonessenhuis (level 2 trauma centre), St. Antonius Hospital (level 2 trauma centre), Haaglanden Medisch Centrum (level 1 trauma centre) and the Elisabeth-Twee Steden hospital (level 1 trauma centre)</p><p><b>Inclusion criteria: </b>18 to 65 years with a Lauge-Hansen supination exorotation type 2, 3 and 4 ankle fractures, articular discongruity of &gt; 2 mm on X-ray</p><p><b>Exclusion criteria:</b> pre-existent impaired morbidity, polytrauma, expected insufficient stable fracture fixation with standard surgical procedure, necessity for syndesmosis screw, tertius fragment requiring operative treatment, Gustillo 2 and 3 open fractures, cognitive disability, BMI &gt; 30, and diabetes mellitus, inability to comply with non-weight-bearing mobilisation, inability to comply with follow-up</p><p><b>Baseline characteristics for intervention group (unprotected weight-bearing)</b></p><ul><li><b>Age, mean (SD):</b> 37.8 (± 15.1) years</li><li><b>Sex (m/f):</b> 22/20</li><li><b>Surgery:</b> all had surgery</li><li><b>Fracture severity, Lauge-Hansen classification. Supination external rotation type 2/3/4</b>: 14/0/28 </li></ul><p><b>Baseline characteristics for intervention group (unprotected non-weight-bearing)</b></p><ul><li><b>Age, mean (SD):</b> 37.8 (± 13.7) years</li><li><b>Sex (m/f): </b>23/14 </li><li><b>Surgery:</b> all had surgery</li><li><b>Fracture severity, Lauge-Hansen classification. Supination external rotation type 2/3/4</b>: 14/2/21</li></ul><p><b>Baseline characteristics for control group (protected weight-bearing) </b></p><ul><li><b>Age, mean (SD): </b>41.5 (± 14.2) years</li><li><b>Sex (m/f): </b>16/20</li><li><b>Surgery</b>: all had surgery</li><li><b>Fracture severity, Lauge-Hansen classification. Supination external rotation type 2/3/4</b>: 9/4/23</li></ul>","<p><b>Timing of randomisation:</b> on the day of, and immediately prior to, surgery</p><p><b>Treatment management for both groups:</b> all participants consulted a physical therapist postoperatively or after cast removal to learn exercises and received advice on how to start mobilising according to their specific postoperative care regimen. Participants were treated on the same day as admission if possible. According to their postoperative care regimen, participants received a cast, exercise instructions, and a physiotherapist referral letter.</p><p><b>Intervention group</b></p><ul><li><b>Number randomised:</b> 42; losses: 0; number analysed: 42 (ITT)</li><li><b>Treatment management:</b> unprotected weight-bearing, which included a pressure dressing in the first 24 hours postoperatively. After the first 24 hours, weight-bearing was allowed as tolerated by the participant.</li></ul><p><b>Intervention group</b></p><ul><li><b>Number randomised:</b> 37; losses: 0; number analysed: 37 (ITT)</li><li><b>Treatment management: </b>unprotected non-weight-bearing, which included a pressure dressing in the first 24 hours postoperatively. After 6 weeks, weight-bearing was allowed.</li></ul><p><b>Control group</b></p><ul><li><b>Number randomised: </b>36; losses: 0; number analysed: 36 (ITT)</li><li><b>Treatment management: </b>protected weight-bearing, which included a 10-day backslab plaster splint. After 10 days, the participant received a weight-bearing cast for the remaining first 6 weeks.</li></ul>","<p><b>Timing of assessments:</b> clinical follow-up at 6 weeks, 12 weeks, 6 months, and 1 year.</p><p><b>End of treatment:</b> 6 weeks</p><p><b>End of follow-up:</b> 1 year</p><p><b>Included in this review: </b>activity limitation, QoL, adverse events</p><p><b>Other outcomes measured in the study:</b> time to return to work, time to return to sports, number of complications</p>",<p><b>Study dates: </b>January 2013 to October 2016</p><p><b>Funding sources:</b> none</p><p><b>Declarations of interest:</b> none</p><p><b>Note:</b> 3 participants switched from protected weight-bearing to the unprotected non-weight-bearing group because of cast irritation. ITT analysis used.</p>
Sondenaa 1986,1986,MIX,24344996,"<p>RCT, parallel design, 2-armed trial</p><p><b>Review comparison: </b>removable ankle support versus non-removable ankle support (after surgical fracture management)</p>","<p><b>Total number of randomised participants:</b> 43</p><p><b>Source population</b>: single centre; Norway</p><p><b>Inclusion criteria:</b> ankle fracture, surgical fixation required, satisfactory fracture reduction and osteosynthesis</p><p><b>Exclusion criteria: </b>compound or compression fracture</p><p><b>Baseline characteristics for intervention group</b></p><ul><li><b>Age, median (range):</b> 35 (16 to 59) years</li><li><b>Sex (m/f):</b> 9/11</li><li><b>Surgery:</b> all had surgery</li><li><b>Fracture severity, Weber A/B/C: </b>2/8/10</li></ul><p><b>Baseline characteristics for control group</b></p><ul><li><b>Age, median (range): </b>37 (16 to 66) years</li><li><b>Sex (m/f):</b> 9/14</li><li><b>Surgery:</b> all had surgery</li><li><b>Fracture severity, Weber A/B/C: </b>0/15/8</li></ul>","<p><b>Timing of randomisation:</b> 1 day after surgery</p><p><b>Treatment management for both groups:</b> full weight-bearing after 6 weeks</p><p><b>Intervention group</b></p><ul><li><b>Number randomised:</b> 20; no losses</li><li><b>Treatment management:</b> below-knee backslab for 3 days, active ankle exercises after removal of backslab, 12 appointments of physiotherapy in the first 6 weeks</li></ul><p><b>Control group</b></p><ul><li><b>Number randomised:</b> 23; no losses</li><li><b>Treatment management:</b> below-knee plaster cast for 6 weeks, non-weight-bearing, 12 appointments of physiotherapy after 6 weeks</li></ul>","<p><b>Timing of assessments:</b> 6, 12, 18, and 52 weeks after randomisation</p><p><b>End of treatment:</b> 6-week data used</p><p><b>End of follow-up:</b> 52-week data used</p><p><b>Included in this review:</b> pain, adverse events</p><p><b>Other outcomes measured in the study:</b> strength (measured but not reported), swelling (subjective data), radiographs, ankle dorsiflexion and plantarflexion range of motion</p>","<p><b>Study dates: </b>not reported</p><p><b>Funding sources:</b> not reported</p><p><b>Declarations of interest:</b> not reported</p><p><b>Note: </b>we received additional information from study author, K Sondenaa (regarding method of randomisation, assessor blinding, details of assessment and intervention, adverse events, comorbidities)</p>"
Stockle 2000,2000,PUB,24344999,"<p>Q-RCT, parallel design, 2-armed trial</p><p><b>Review comparison: </b>removable ankle support versus non-removable ankle support (after surgical fracture management)</p>","<p><b>Total number of randomised participants:</b> 40</p><p><b>Source population:</b> single centre; Germany</p><p><b>Inclusion criteria:</b> isolated and first incidence of ankle fracture, surgical fixation required, age 18 to 65 years</p><p><b>Exclusion criteria:</b> not reported</p><p><b>Baseline characteristics for intervention group</b></p><ul><li><b>Fracture severity, Weber B/C:</b>15/5</li></ul><p><b>Baseline characteristics for control group</b></p><ul><li><b>Fracture severity, Weber B/C:</b> 12/8</li></ul><p><b>Overall baseline characteristics </b></p><ul><li><b>Age, mean (range):</b> 45 (20 to 65)</li><li><b>Sex (m/f):</b> 21/19</li><li><b>Surgery:</b> all had surgery</li></ul>","<p><b>Timing of randomisation:</b> after surgery</p><p><b>Treatment management for both groups: </b>partial weight-bearing with crutches, heparin</p><p><b>Intervention group</b></p><ul><li><b>Number randomised:</b> 20; no reported losses</li><li><b>Treatment management: </b>immobilised in VACOped (removable immobilisation in a vacuum orthosis) for 6 weeks, which could be removed for wound check, hygiene, and intermittent physiotherapy. Details of physiotherapy not reported</li></ul><p><b>Control group</b></p><ul><li><b>Number randomised:</b> 20; no reported losses</li><li><b>Treatment management: </b>below-knee plaster cast for 6 weeks</li></ul>","<p><b>Timing of assessments:</b> 6 weeks and 3 months after randomisation</p><p><b>End of treatment:</b> 6-week data used</p><p><b>End of follow-up:</b> 3-month data used</p><p><b>Included in this review:</b> adverse events</p><p><b>Other outcomes measured in the study:</b> ankle dorsiflexion and plantarflexion range of motion, subtalar range of motion, calf circumference</p>",<p><b>Study dates:</b> September 1996 to July 1997</p><p><b>Funding sources:</b> not reported</p><p><b>Declarations of interest:</b> not reported</p><p><b>Note:</b> published in German. Study eligibility was assessed by the German Cochrane Centre. English translation was available and used as the primary source of data extraction. Data extraction from German article by Erwin Scherfer and Jutta Jablonski</p>
Stuart 1989,1989,PUB,24345001,"<p>RCT, parallel design, 2-armed trial</p><p><b>Review comparison: </b>removable ankle support versus non-removable ankle support (after non-surgical fracture management)</p>","<p><b>Total number of randomised participants</b>: 40</p><p><b>Source population</b>: single centre; Newcastle General Hospital Accident Department, UK</p><p><b>Inclusion criteria: </b>stable supination-eversion stage II lateral malleolar fractures, adults</p><p><b>Exclusion criteria:</b> tenderness on the medial side of the ankle</p><p><b>Baseline characteristics not reported by group</b></p><ul><li><b>Surgery: </b>none had surgery</li><li><b>Fracture severity: </b>all had supervision-eversion stage II</li><li><b>Age and sex: </b>not reported </li></ul>","<p><b>Timing of group allocation: </b>immediately on attendance</p><p><b>Treatment management for both groups:</b> weight-bearing as tolerated, leg elevation while resting</p><p><b>Intervention group</b></p><ul><li><b>Number randomised:</b> 20; losses: 1 (requested change to alternative treatment); analysed: 19</li><li><b>Treatment management:</b> air-stirrup for 4 weeks, then plaster cast for another 2 weeks if required</li></ul><p><b>Control group</b></p><ul><li><b>Number randomised:</b> 20; losses: 2 (inadequate follow-up); analysed: 18</li><li><b>Treatment management:</b> below-knee walking cast for 4 weeks, then plaster cast for another 2 weeks if required, non-weight-bearing for 2 days to allow cast to dry</li></ul>","<p><b>Timing of assessments:</b> 24 hours, 1, 4 weeks (and 6 weeks if required), 3 months after randomisation</p><p><b>End of treatment: </b>4- and 6-week data used</p><p><b>End of follow-up:</b> nil</p><p><b>Included in this review:</b> adverse events</p><p><b>Other outcomes measured in the study:</b> ankle dorsiflexion and plantarflexion range of motion, participant satisfaction (not measured at end of treatment or follow-up), swelling (not measured at end of treatment or follow-up), time to union, radiographs</p>","<p><b>Study dates:</b> not reported</p><p><b>Funding sources:</b> air-stirrups supplied by Orthopaedic Systems of Widnes, Cheshire, UK</p><p><b>Declarations of interest:</b> not reported</p><p><b>Note: </b>we received additional information from study author, P Stuart (regarding method of randomisation, method of allocation, no participant had surgery)</p>"
Tropp 1995,1995,MIX,24345003,"<p>RCT, parallel design, 2-armed trial</p><p><b>Review comparison: </b>removable ankle support versus non-removable ankle support (after surgical fracture management)</p>","<p><b>Total number of randomised participants:</b> 15</p><p><b>Source population:</b> single centre; Sweden</p><p><b>Inclusion criteria:</b> Weber B or C ankle fracture, surgical fixation required, stable fracture fixation and satisfactory reduction, age 18 to 60 years</p><p><b>Exclusion criteria: </b>large posterior tibial fragments</p><p><b>Baseline characteristics (overall)</b></p><ul><li><b>Age, mean (range)</b>: 26 (19 to 60) years</li><li><b>Sex: </b>not reported</li><li><b>Surgery: </b>all had surgery</li><li><b>Fracture severity:</b> Weber B or C</li></ul><p>Baseline characteristics for each group were not reported.</p>","<p><b>Timing of randomisation:</b> after surgery</p><p><b>Treatment management for both groups:</b> weight-bearing</p><p><b>Intervention group</b></p><ul><li><b>Number randomised:</b> 15; no losses</li><li><b>Treatment management:</b> brace for 10 weeks, dorsiflexion and plantarflexion movements, strength and functional exercises starting immediately, crutches for at least the first 2 weeks </li></ul><p><b>Control group</b></p><ul><li><b>Number randomised:</b> 15; no losses</li><li><b>Treatment management: </b>walking cast for 6 weeks, crutches used during immobilisation and at least 2 to 4 weeks after removal of cast, mobility, strength and functional exercises starting after 6 weeks</li></ul>","<p><b>Timing of assessments: </b>10 weeks and 12 months after randomisation</p><p><b>End of treatment:</b> 10-week data used</p><p><b>End of follow-up:</b> 12-month data used</p><p><b>Included in this review:</b> activity limitation questionnaire, adverse events</p><p><b>Other outcomes measured in the study: </b>calf circumference, radiographs, ankle dorsiflexion and plantarflexion range of motion, strength through range (data at 60 degrees/second used for analysis), swelling</p>","<p><b>Study dates:</b> not reported</p><p><b>Funding sources:</b> not reported</p><p><b>Declarations of interest:</b> not reported</p><p><b>Note:</b> we received additional information from study author, H Tropp (regarding methods of randomisation and allocation, assessor blinding, fracture severity, details of intervention, dropouts, adverse events)</p>"
Van den Berg 2018,2018,PUB,24345005,"<p>RCT, parallel design, 2-armed trial</p><p><b>Review comparison: </b>removable ankle support versus non-removable ankle support (after non-surgical fracture management)</p>","<p><b>Total number of randomised participants:</b> 44</p><p><b>Source population: </b>single centre, Level 1 centre, HMC Haaglanden, Netherlands</p><p><b>Inclusion criteria:</b> 18 to 70 years of age, unimalleolar fibular fracture at the level of the syndesmosis, a congruent joint and fracture of &lt; 2 mm on both mortise and lateral ankle X-rays</p><p><b>Exclusion criteria:</b> previous ankle fracture on the same side, multi-trauma patients, follow-up elsewhere, no proper understanding of the Dutch language, comorbidities that limit mobilisation, already existing fractures (&gt; 2 weeks)</p><p><b>Baseline characteristics for intervention group</b></p><ul><li><b>Age, mean (SD):</b> 44.3 (± 14.9) years</li><li><b>Sex (m/f):</b> 13/10</li><li><b>Surgery:</b> none</li><li><b>Fracture severity:</b> all unimalleolar</li></ul><p><b>Baseline characteristics for control group</b></p><ul><li><b>Age, mean (SD):</b> 41.9 (± 16.3) years</li><li><b>Sex (m/f):</b> 11/10</li><li><b>Surgery:</b> none</li><li><b>Fracture severity:</b> all unimalleolar</li></ul>","<p><b>Timing of randomisation:</b> 1 week after initial treatment (on confirmation of a congruent joint with progression to dislocation)</p><p><b>Treatment management for both groups:</b> initial treatment with a splint. After application of cast/brace, both groups were allowed to weight-bear as tolerated, using crutches as long as necessary. At the 6-week review, cast/brace was removed dependent on radiographs. After the fracture was considered healed, both groups were encouraged to do stabilisation exercises and return to sport as tolerated. Referral to a physiotherapist was at the discretion of the participant and the treating surgeon.</p><p><b>Intervention group</b></p><ul><li><b>Number randomised:</b> 23; losses: 9 (death or did not respond to follow-up request); number analysed at end of treatment: 19, and at 6 months: 14</li><li><b>Treatment management: </b>removable brace (no additional details in the study report)</li></ul><p><b>Control group</b></p><ul><li><b>Number randomised: </b>21; losses 10 (death or did not respond to follow-up request); number analysed at end of treatment: 20, at 6 months: 11</li><li><b>Treatment management:</b> regular cast. This group were given thromboprophylaxis during the immobilisation period.</li></ul>","<p><b>Timing of assessments:</b> 3, 6, 12, 26, 52 weeks</p><p><b>End of treatment: </b>6 weeks</p><p><b>End of follow-up:</b> 52 weeks</p><p><b>Included in this review:</b> activity limitation, QoL, impairment measures of pain</p><p><b>Other outcomes measured in the study: </b>congruency of ankle joint, amount of dislocation of fibular fracture at 3 and 6 weeks, ankle dorsiflexion range of motion, plantarflexion range of motion, strength</p>",<p><b>Study dates: </b>March 2013 to May 2015</p><p><b>Funding sources:</b> none</p><p><b>Declarations of interest:</b> None</p><p><b>Notes:</b> </p><ul><li>Study ended early (after 26 months) because of low recruitment</li><li>Data reported as median values. We contacted study authors by email for outcome data as mean (SD)</li></ul>
Van Laarhoven 1996,1996,MIX,24345009,"<p>Quasi-RCT, parallel design, 2-armed trial</p><p><b>Review comparisons: </b>early weight-bearing versus delayed weight-bearing; removable ankle support versus non-removable ankle support (after surgical fracture management)</p>","<p><b>Total number of randomised participants: </b>81</p><p><b>Source population:</b> multicentre; 2 hospitals, Netherlands</p><p><b>Inclusion criteria:</b> ankle fracture, surgical fixation required, stable fracture after operation suitable for early mobilisation, able to cope with either regime</p><p><b>Exclusion criteria: </b>pilon fracture, open injury to physeal plate or grade II or III open fractures</p><p><b>Baseline characteristics for intervention group</b></p><ul><li><b>Age, median (range): </b>35.5 (17 to 77) years</li><li><b>Sex (m/f):</b> 24/17</li><li><b>Surgery:</b> all had surgery</li><li><b>Fracture severity, uni-/bi-/trimalleolar:</b>17/24</li></ul><p><b>Baseline characteristics for control group</b></p><ul><li><b>Age, median (range):</b> 37 (15 to 77) years</li><li><b>Sex (m/f):</b>21/19</li><li><b>Surgery:</b> all had surgery</li><li><b>Fracture severity, uni-/bi- or trimalleolar: </b>16/24</li></ul>","<p><b>Timing of randomisation:</b> 3 to 5 days after surgery</p><p><b>Treatment management for both groups: </b>below-knee plaster cast and range of motion exercises until randomisation</p><p><b>Intervention group</b></p><ul><li><b>Number randomised:</b> 41</li><li><b>Treatment management: </b>walking cast for 6 weeks, weight-bearing, 9/41 participants received physiotherapy after 6 weeks</li></ul><p><b>Control group</b></p><ul><li><b>Number randomised:</b> 40</li><li><b>Treatment management:</b> no immobilisation, non-weight-bearing with crutches, 14/40 participants received physiotherapy after 6 weeks</li></ul><p>Study authors report that 2 participants were lost to follow-up, but group allocation is not reported</p>","<p><b>Timing of assessments:</b> 10 to 16 days, 6 weeks, 3 months and 1 year after randomisation</p><p><b>End of treatment:</b> 6-week data used</p><p><b>End of follow-up:</b> 1-year data used</p><p><b>Included in this review:</b> activity limitation questionnaire, adverse events</p><p><b>Other outcomes measured in the study: </b>dropouts (data incomplete), radiographs, return to work, ankle dorsiflexion range of motion</p><p><b>Note:</b> we could not include some adverse event data (osteitis, secondary dislocation, delayed union, Sudeck's dystrophy, further surgery) because data for these were not reported by intervention group.</p>","<p><b>Study dates:</b> April 1991 to April 1993</p><p><b>Funding sources:</b> not reported</p><p><b>Declarations of interest:</b> ""No benefits in any form have been received or will be received from a commercial party related directly or indirectly to the subject of this article""</p><p><b>Notes:</b></p><ul><li>We received additional information from study author, C van Laarhoven (regarding comorbidities).</li><li>We did not include data for activity limitation in the review as this was reported as median scores with distribution values.</li></ul>"
Venesmaa 2004,2004,PUB,24345011,"<p>RCT, parallel design, 2-armed trial</p><p><b>Review comparison: </b>removable ankle support versus non-removable ankle support (after surgical fracture management)</p>","<p><b>Total number of randomised participants:</b> 32</p><p><b>Source population:</b> single centre; Kuopio University Hospital, Finland</p><p><b>Inclusion criteria:</b> low energy uni- or bi-malleolar fracture</p><p><b>Exclusion criteria:</b> not reported</p><p><b>Baseline characteristics for intervention group</b></p><ul><li><b>Age, median (range):</b> 41 (20 to 63) years</li><li><b>Sex (m/f): </b>8/10</li><li><b>Surgery:</b> all had surgery</li><li><b>Fracture severity: </b>all had uni- or bimalleolar fractures</li></ul><p><b>Baseline characteristics for control group</b></p><ul><li><b>Age, median (range):</b> 48 (19 to 69) years</li><li><b>Sex (m/f):</b> 6/8</li><li><b>Surgery:</b> all had surgery</li><li><b>Fracture severity:</b> all had uni- or bimalleolar fractures</li></ul>",<p><b>Timing of randomisation:</b> not reported</p><p><b>Treatment management for both groups: </b>not specified</p><p><b>Intervention group:</b></p><ul><li><b>Number randomised:</b>18; no reported losses</li><li><b>Treatment management:</b> Aircast for 6 weeks</li></ul><p><b>Control group</b></p><ul><li><b>Number randomised:</b> 14; no reported losses</li><li><b>Treatment management: </b>plaster cast for 6 weeks</li></ul>,"<p><b>Timing of assessments:</b> 9 and 26 weeks after randomisation</p><p><b>End of treatment:</b> nil</p><p><b>End of follow-up:</b> 26-week data used</p><p><b>Included in this review:</b> activity limitation questionnaire</p><p><b>Other outcomes measured in the study:</b> ankle dorsiflexion range of motion</p><p><b>Note:</b> we did not include complications data because the type of complication was not specified; we note, however, that ""all fractures healed without complications""</p>",<p><b>Study dates:</b> not reported</p><p><b>Funding sources:</b> not reported</p><p><b>Declarations of interest: </b>not reported</p>
Vioreanu 2007,2007,PUB,24345013,"<p>Q-RCT, parallel design, 2-armed trial</p><p><b>Review comparison: </b>removable ankle support versus non-removable ankle support (after surgical fracture management)</p>","<p><b>Total number of randomised participants:</b> 66</p><p><b>Source population:</b> single centre; Ireland</p><p><b>Inclusion criteria: </b>acute, closed ankle fracture, surgical fixation required, age 14 to 65 years, fibular displacement &gt; 2 mm, non-neuropathic joint</p><p><b>Exclusion criteria:</b> other severe injuries, pilon fracture, isolated medial malleolar fracture, diabetes mellitus, insufficiently stable fracture fixation</p><p><b>Baseline characteristics for intervention group</b></p><ul><li><b>Age, mean (SD): </b>37.2 (± 12.9) years</li><li><b>Sex (m/f):</b> 21/10</li><li><b>Surgery:</b> all had surgery</li><li><b>Fracture severity, Weber B/C: </b>29/4</li></ul><p><b>Baseline characteristics for control group</b></p><ul><li><b>Age, mean (SD): </b>34.9 (± 16.0) years</li><li><b>Sex (m/f):</b> 20/9</li><li><b>Surgery: </b>all had surgery</li><li><b>Fracture severity, Weber B/C: </b>21/8</li></ul>","<p><b>Timing of randomisation: </b>after surgery</p><p><b>Treatment management for both groups: </b>prophylactic antibiotics pre-operatively, dorsal splint for 10 to 14 days, non-weight-bearing with crutches, partial weight-bearing and physiotherapy after 6 weeks, full weight-bearing after 8 weeks</p><p><b>Intervention group</b></p><ul><li><b>Number analysed:</b> 33 (see below)</li><li><b>Treatment management:</b> removable fibreglass cast for 6 weeks, ankle range of motion exercise 3 times for 10 minutes/day</li></ul><p><b>Control group</b></p><ul><li><b>Number analysed: </b>29 (see below)</li><li><b>Treatment management: </b>fibreglass cast (non-removable) for 6 weeks</li></ul><p><b>Note:</b> number randomised to each group is not reported. Overall, there were 4 dropouts (1 moved abroad, 1 did not return to follow-up appointments, 2 non-compliant with weight-bearing status)</p>","<p><b>Timing of assessments</b>: 2, 6, 9, 12, 24 weeks after randomisation (activity limitation measured at 9 and 12 weeks only)</p><p><b>End of treatment</b>: 6-week data used</p><p><b>End of follow-up:</b> 12-week data used as included activity limitation</p><p><b>Included in this review:</b> activity limitation questionnaire, quality of life (measured at 24 weeks only), adverse events</p><p><b>Other: </b>ankle dorsiflexion range of motion, swelling, radiographs, return to work, muscle atrophy, time to return to work and pre-injury activity</p>",<p><b>Study dates:</b> August 2004 to March 2005</p><p><b>Funding sources: </b>not reported</p><p><b>Declarations of interest:</b> not reported</p>
Wetzler 1991,1991,MIX,24345020,"<p>Q-RCT, parallel design, 2-armed trial</p><p><b>Review comparison: </b>removable ankle support versus non-removable ankle support (after surgical fracture management)</p>","<p><b>Total number of randomised participants: </b>45</p><p><b>Source population: </b>single centre, Department of Orthopaedic Surgery, Boston City Hospital, USA</p><p><b>Inclusion criteria: </b>closed ankle fracture, surgical fixation required, adults</p><p><b>Baseline characteristics for intervention group</b></p><ul><li><b>Surgery: </b>all had surgery</li></ul><p><b>Baseline characteristics for control group</b></p><ul><li><b>Surgery: </b>all had surgery</li></ul>","<p><b>Timing of randomisation: </b>after surgery</p><p><b>Treatment management for both groups: </b>weight-bearing</p><p><b>Intervention group</b></p><ul><li><b>Number randomised:</b> 20; losses: not reported; number analysed: unclear in abstract</li><li><b>Treatment management: </b>pneumatic walker for 1 to 2 weeks, then pneumatic ankle brace for an unspecified period</li></ul><p><b>Control group</b></p><ul><li><b>Number randomised:</b> 25; losses: not reported; number analysed: unclear in abstract</li><li><b>Treatment management: </b>below-knee plaster cast for 6 weeks</li></ul>","<p><b>Timing of assessments:</b> 1, 2, 4, 6, 12 weeks, 6 months and 1 year after randomisation</p><p><b>End of treatment:</b> 6-week data used</p><p><b>End of follow-up:</b> 1-year data used</p><p><b>Included in this review:</b> activity limitation questionnaire, pain</p><p><b>Other outcomes measured in the study: </b>ankle dorsiflexion and plantarflexion range of motion</p>","<p><b>Study dates:</b> April 1988 to November 1989</p><p><b>Funding sources: </b>not reported</p><p><b>Declarations of interest: </b>not reported</p><p><b>Note: </b>additional information received from M Wetzler (method of allocation, weight-bearing status)</p>"
Wilson 1991,1991,MIX,24345022,"<p>RCT, parallel design, 2-armed trial</p><p><b>Review comparison:</b> physical therapy interventions versus usual care or other physical therapy interventions</p>","<p><b>Total number of randomised participants:</b> 12</p><p><b>Source population:</b> single centre; Fracture Clinic at Rotorua Hospital, New Zealand</p><p><b>Inclusion criteria: </b>ankle fracture treated with or without surgery, age 16 to 65 years, immediate referral from fracture clinic to physiotherapy after cast removal (length of immobilisation = 6 weeks), able to comply with treatment protocol, full mobility of unaffected ankle</p><p><b>Exclusion criteria:</b> pre-existing joint pathology or severe leg injury/pathology </p><p><b>Baseline characteristics for intervention group</b></p><ul><li><b>Age, mean (SD):</b> 47.2 (± 16.3) years</li><li><b>Sex (m/f):</b> 4/1</li><li><b>Surgery (Y/N):</b> 1/4</li><li><b>Fracture severity, Weber B/C: </b>4/1</li></ul><p><b>Baseline characteristics for control group</b></p><ul><li><b>Age, mean (SD):</b> 40.6 (± 15.4) years</li><li><b>Sex (m/f): </b>3/2</li><li><b>Surgery (Y/N): </b>2/3</li><li><b>Fracture severity, Weber B/C: </b>4/1</li></ul>","<p><b>Timing of randomisation:</b> immediately after cast removal</p><p><b>Treatment management for both groups:</b> whirlpool exercises, individual exercise programme, home exercises</p><p><b>Intervention group</b></p><ul><li><b>Number randomised:</b> 7; losses: 2 (did not complete treatment because fit to return to work at 3 weeks)</li><li><b>Treatment management:</b> 3 physiotherapy sessions/week for 5 weeks of Kaltenborn-based manual therapy to the talocrural and talocalcaneal joints, plus other lower limb joints assessed to be hypomobile by the physiotherapist</li></ul><p><b>Control group</b></p><ul><li><b>Number randomised:</b> 5</li><li><b>Treatment management:</b> 3 physiotherapy sessions/week for 5 weeks</li></ul>",<p><b>Timing of assessments:</b> 5 weeks after randomisation</p><p><b>End of treatment:</b> 5-week data used</p><p><b>End of follow-up:</b> nil</p><p><b>Included in this review:</b> activity limitation questionnaire</p><p><b>Other:</b> ankle dorsiflexion and plantarflexion range of motion</p>,"<p><b>Study dates:</b> not reported</p><p><b>Funding sources:</b> not reported</p><p><b>Declarations of interest:</b> not reported</p><p><b>Note:</b> we received additional information from study author, F Wilson (regarding methods of randomisation and allocation)</p>"
